# {"t_start": 1587110352.6951127, "env_id": "MountainToyCar-v1"} 
r,l,t
-400.0,400,2.825433
-400.0,400,3.28572
-400.0,400,3.745284
-400.0,400,4.207672
-400.0,400,4.666413
-400.0,400,54.876838
-400.0,400,55.341502
-400.0,400,55.802234
-400.0,400,56.26314
-400.0,400,56.752319
-400.0,400,66.11249
-400.0,400,66.582005
-400.0,400,67.052227
-400.0,400,67.523031
-400.0,400,67.992445
-400.0,400,77.778873
-400.0,400,78.30342
-400.0,400,78.823864
-400.0,400,79.345569
-400.0,400,79.86343
-400.0,400,89.817336
-400.0,400,90.298077
-400.0,400,90.770385
-400.0,400,91.25104
-400.0,400,91.719769
-400.0,400,101.116512
-400.0,400,101.583928
-400.0,400,102.055007
-400.0,400,102.522362
-400.0,400,102.991629
-400.0,400,112.307059
-400.0,400,112.766074
-400.0,400,113.225673
-400.0,400,113.684507
-400.0,400,114.144284
-400.0,400,123.380394
-400.0,400,123.840919
-400.0,400,124.300938
-400.0,400,124.761885
-400.0,400,125.223802
-400.0,400,134.456031
-400.0,400,134.923458
-400.0,400,135.389035
-400.0,400,135.874559
-400.0,400,136.360048
-400.0,400,136.868537
-400.0,400,146.73909
-400.0,400,147.294899
-400.0,400,147.852577
-400.0,400,148.447993
-400.0,400,149.026418
-400.0,400,159.261622
-400.0,400,159.759918
-400.0,400,160.229509
-400.0,400,160.71637
-400.0,400,161.212203
-400.0,400,170.918784
-400.0,400,171.390066
-400.0,400,171.856796
-400.0,400,172.327253
-400.0,400,172.797255
-400.0,400,182.148831
-400.0,400,182.610909
-400.0,400,183.073262
-400.0,400,183.534725
-400.0,400,183.996502
-400.0,400,193.385016
-400.0,400,193.855743
-400.0,400,194.326669
-400.0,400,194.796999
-400.0,400,195.264667
-400.0,400,204.639006
-400.0,400,205.10195
-400.0,400,205.564308
-400.0,400,206.028566
-400.0,400,206.492348
-400.0,400,215.773202
-400.0,400,216.23321
-400.0,400,216.695693
-400.0,400,217.160778
-400.0,400,217.623797
-400.0,400,226.606107
-400.0,400,227.072884
-400.0,400,227.557469
-400.0,400,228.098819
-400.0,400,228.633745
-400.0,400,229.218739
-400.0,400,239.223439
-400.0,400,239.685044
-400.0,400,240.184945
-400.0,400,240.731277
-400.0,400,241.284022
-400.0,400,251.884212
-400.0,400,252.425143
-400.0,400,252.983556
-400.0,400,253.543185
-400.0,400,254.061793
-400.0,400,263.899283
-400.0,400,264.411636
-400.0,400,264.927067
-400.0,400,265.442495
-400.0,400,266.032738
-400.0,400,275.551759
-400.0,400,276.090839
-400.0,400,276.645425
-400.0,400,277.13996
-400.0,400,277.675842
-400.0,400,287.225857
-400.0,400,287.751017
-400.0,400,288.236634
-400.0,400,288.694169
-400.0,400,289.196142
-400.0,400,298.127024
-400.0,400,298.59147
-400.0,400,299.057424
-400.0,400,299.515924
-400.0,400,299.975676
-400.0,400,308.831576
-400.0,400,309.297355
-400.0,400,309.763358
-400.0,400,310.302661
-400.0,400,310.767694
-400.0,400,320.09015
-400.0,400,320.568433
-400.0,400,321.041122
-400.0,400,321.521178
-400.0,400,322.008194
-400.0,400,322.503619
-400.0,400,331.058541
-400.0,400,331.533976
-400.0,400,331.997431
-400.0,400,332.457353
-400.0,400,332.916331
-400.0,400,354.659649
-400.0,400,355.127851
-400.0,400,355.597033
-400.0,400,356.065265
-400.0,400,356.534244
-400.0,400,363.397927
-400.0,400,363.854386
-400.0,400,364.311388
-400.0,400,364.768171
-400.0,400,365.225294
-400.0,400,372.013729
-400.0,400,372.481365
-400.0,400,372.949459
-400.0,400,373.417053
-400.0,400,373.884612
-400.0,400,380.692272
-400.0,400,381.151115
-400.0,400,381.609467
-400.0,400,382.068503
-400.0,400,382.527553
-400.0,400,389.360546
-400.0,400,389.843608
-400.0,400,390.32453
-400.0,400,390.798522
-400.0,400,391.272522
-400.0,400,398.097623
-400.0,400,398.557329
-400.0,400,399.017149
-400.0,400,399.475739
-400.0,400,399.935012
-400.0,400,406.64651
-400.0,400,407.106065
-400.0,400,407.568423
-400.0,400,408.028784
-400.0,400,408.489183
-400.0,400,415.221084
-400.0,400,415.684467
-400.0,400,416.143919
-400.0,400,416.603118
-400.0,400,417.063478
-400.0,400,417.523151
-400.0,400,424.274646
-400.0,400,424.742352
-400.0,400,425.210431
-400.0,400,425.681261
-400.0,400,426.149381
-400.0,400,432.91323
-400.0,400,433.372634
-400.0,400,433.830624
-400.0,400,434.289094
-400.0,400,434.747144
-400.0,400,441.423995
-400.0,400,441.882987
-400.0,400,442.341721
-400.0,400,442.800072
-400.0,400,443.258795
-400.0,400,449.995414
-400.0,400,450.452971
-400.0,400,450.910069
-400.0,400,451.367626
-400.0,400,451.824728
-400.0,400,458.632781
-400.0,400,459.100796
-400.0,400,459.568279
-400.0,400,460.036263
-400.0,400,460.503846
-400.0,400,467.344114
-400.0,400,467.814214
-400.0,400,468.282331
-400.0,400,468.748914
-400.0,400,469.21579
-400.0,400,476.375378
-400.0,400,476.932159
-400.0,400,477.39936
-400.0,400,477.863225
-400.0,400,478.398326
-400.0,400,485.607038
-400.0,400,486.066117
-400.0,400,486.525921
-400.0,400,486.983043
-400.0,400,487.439386
-400.0,400,487.895709
-400.0,400,494.719
-400.0,400,495.19089
-400.0,400,495.659714
-400.0,400,496.130964
-400.0,400,496.603068
-400.0,400,503.377797
-400.0,400,503.839122
-400.0,400,504.296712
-400.0,400,504.753616
-400.0,400,505.211117
-400.0,400,511.958759
-400.0,400,512.418515
-400.0,400,512.877617
-400.0,400,513.336875
-400.0,400,513.803684
-400.0,400,520.839008
-400.0,400,521.316819
-400.0,400,521.833302
-400.0,400,522.320801
-400.0,400,522.81223
-400.0,400,530.126894
-400.0,400,530.599052
-400.0,400,531.070245
-400.0,400,531.538895
-400.0,400,532.008971
-400.0,400,539.0404
-400.0,400,539.507606
-400.0,400,539.975355
-400.0,400,540.464134
-400.0,400,540.950368
-400.0,400,548.263228
-400.0,400,548.823455
-400.0,400,549.314187
-400.0,400,549.781072
-400.0,400,550.26344
-400.0,400,557.080982
-400.0,400,557.549858
-400.0,400,558.020003
-400.0,400,558.487294
-400.0,400,558.95898
-400.0,400,559.427697
-400.0,400,566.269353
-400.0,400,566.736099
-400.0,400,567.203488
-400.0,400,567.670007
-400.0,400,568.136985
-400.0,400,589.549397
-400.0,400,590.028738
-400.0,400,590.502185
-400.0,400,590.975745
-400.0,400,591.454461
-400.0,400,598.385431
-400.0,400,598.853321
-400.0,400,599.315356
-400.0,400,599.773951
-400.0,400,600.234522
-400.0,400,607.092803
-400.0,400,607.607689
-400.0,400,608.079151
-400.0,400,608.542752
-400.0,400,609.00596
-400.0,400,615.896189
-400.0,400,616.376766
-400.0,400,616.85235
-400.0,400,617.327963
-400.0,400,617.803337
-400.0,400,625.244817
-400.0,400,625.717084
-400.0,400,626.212529
-400.0,400,626.714526
-400.0,400,627.172859
-400.0,400,633.965005
-400.0,400,634.459118
-400.0,400,634.919237
-400.0,400,635.378299
-400.0,400,635.850149
-400.0,400,642.887749
-400.0,400,643.352124
-400.0,400,643.816478
-400.0,400,644.279382
-400.0,400,644.762674
-400.0,400,651.652911
-400.0,400,652.265823
-400.0,400,652.855253
-400.0,400,653.387091
-400.0,400,653.909626
-400.0,400,654.45999
-400.0,400,661.597027
-400.0,400,662.072023
-400.0,400,662.546266
-400.0,400,663.021143
-400.0,400,663.495169
-400.0,400,670.645825
-400.0,400,671.104863
-400.0,400,671.564118
-400.0,400,672.14183
-400.0,400,672.693102
-400.0,400,679.63964
-400.0,400,680.141072
-400.0,400,680.60653
-400.0,400,681.123834
-400.0,400,681.589082
-400.0,400,688.3418
-400.0,400,688.801655
-400.0,400,689.260235
-400.0,400,689.720654
-400.0,400,690.197698
-400.0,400,697.17529
-400.0,400,697.71771
-400.0,400,698.256836
-400.0,400,698.780782
-400.0,400,699.317696
-400.0,400,706.509387
-400.0,400,706.998773
-400.0,400,707.511949
-400.0,400,708.027432
-400.0,400,708.516637
-400.0,400,715.646273
-400.0,400,716.113405
-400.0,400,716.589148
-400.0,400,717.066214
-400.0,400,717.565355
-400.0,400,724.434582
-400.0,400,724.898866
-400.0,400,725.366145
-400.0,400,725.833484
-400.0,400,726.293295
-400.0,400,726.756196
-400.0,400,733.516391
-400.0,400,733.989834
-400.0,400,734.460432
-400.0,400,734.928136
-400.0,400,735.398328
-400.0,400,742.226652
-400.0,400,742.690637
-400.0,400,743.152926
-400.0,400,743.664157
-400.0,400,744.232611
-400.0,400,751.597791
-400.0,400,752.061493
-400.0,400,752.520819
-400.0,400,752.98051
-400.0,400,753.47571
-400.0,400,760.761591
-400.0,400,761.319615
-400.0,400,761.888998
-400.0,400,762.455262
-400.0,400,763.054059
-400.0,400,769.898999
-400.0,400,770.43597
-400.0,400,770.980437
-400.0,400,771.47295
-400.0,400,771.930707
-400.0,400,779.256361
-400.0,400,779.775233
-400.0,400,780.319523
-400.0,400,780.832634
-400.0,400,781.34039
-400.0,400,788.273667
-400.0,400,788.759116
-400.0,400,789.229096
-400.0,400,789.77772
-400.0,400,790.256894
-400.0,400,797.184893
-400.0,400,797.64352
-400.0,400,798.102976
-400.0,400,798.566353
-400.0,400,799.026113
-400.0,400,799.503976
-400.0,400,806.263233
-400.0,400,806.721105
-400.0,400,807.180456
-400.0,400,807.638047
-400.0,400,808.095976
-400.0,400,828.423835
-400.0,400,828.888429
-400.0,400,829.348331
-400.0,400,829.839902
-400.0,400,830.30462
-400.0,400,837.29144
-400.0,400,837.771924
-400.0,400,838.231836
-400.0,400,838.701643
-400.0,400,839.170987
-400.0,400,845.857416
-400.0,400,846.323647
-400.0,400,846.822288
-400.0,400,847.285674
-400.0,400,847.815147
-400.0,400,855.189575
-400.0,400,855.65007
-400.0,400,856.125229
-400.0,400,856.587832
-400.0,400,857.055872
-400.0,400,864.187026
-400.0,400,864.776244
-400.0,400,865.32683
-400.0,400,865.920711
-400.0,400,866.476366
-400.0,400,873.765585
-400.0,400,874.224502
-400.0,400,874.681471
-400.0,400,875.138868
-400.0,400,875.595726
-400.0,400,882.333626
-400.0,400,882.807753
-400.0,400,883.283322
-400.0,400,883.757949
-400.0,400,884.232864
-400.0,400,890.910383
-400.0,400,891.371634
-400.0,400,891.837079
-400.0,400,892.295935
-400.0,400,892.75372
-400.0,400,893.212313
-400.0,400,900.579431
-400.0,400,901.140343
-400.0,400,901.597335
-400.0,400,902.054738
-400.0,400,902.511151
-400.0,400,909.805362
-400.0,400,910.295917
-400.0,400,910.778106
-400.0,400,911.272984
-400.0,400,911.736534
-400.0,400,918.761407
-400.0,400,919.237666
-400.0,400,919.708053
-400.0,400,920.17927
-400.0,400,920.649176
-400.0,400,927.365109
-400.0,400,927.828072
-400.0,400,928.4444
-400.0,400,929.014588
-400.0,400,929.511974
-400.0,400,936.66501
-400.0,400,937.122967
-400.0,400,937.580468
-400.0,400,938.037664
-400.0,400,938.494308
-400.0,400,945.674989
-400.0,400,946.144276
-400.0,400,946.61659
-400.0,400,947.089201
-400.0,400,947.582195
-400.0,400,954.563532
-400.0,400,955.087141
-400.0,400,955.571113
-400.0,400,956.045949
-400.0,400,956.545649
-400.0,400,963.445664
-400.0,400,963.946188
-400.0,400,964.438649
-400.0,400,964.895756
-400.0,400,965.354793
-400.0,400,965.815313
-400.0,400,972.687622
-400.0,400,973.165304
-400.0,400,973.626075
-400.0,400,974.167274
-400.0,400,974.851515
-400.0,400,981.913534
-400.0,400,982.407009
-400.0,400,982.890373
-400.0,400,983.379829
-400.0,400,983.919634
-400.0,400,991.263413
-400.0,400,991.779006
-400.0,400,992.330889
-400.0,400,992.8869
-400.0,400,993.369869
-400.0,400,1000.516815
-400.0,400,1000.97419
-400.0,400,1001.442199
-400.0,400,1001.899156
-400.0,400,1002.36104
-400.0,400,1009.536886
-400.0,400,1009.995636
-400.0,400,1010.451304
-400.0,400,1010.910569
-400.0,400,1011.400484
-400.0,400,1018.595284
-400.0,400,1019.056759
-400.0,400,1019.518925
-400.0,400,1019.996074
-400.0,400,1020.472755
-400.0,400,1027.288805
-400.0,400,1027.832171
-400.0,400,1028.324617
-400.0,400,1028.789221
-400.0,400,1029.251847
-400.0,400,1036.598934
-400.0,400,1037.101819
-400.0,400,1037.663538
-400.0,400,1038.187672
-400.0,400,1038.668012
-400.0,400,1039.159187
-400.0,400,1046.224416
-400.0,400,1046.682892
-400.0,400,1047.141604
-400.0,400,1047.600383
-400.0,400,1048.059501
-400.0,400,1068.42483
-400.0,400,1068.892957
-400.0,400,1069.361362
-400.0,400,1069.828864
-400.0,400,1070.297409
-400.0,400,1076.996535
-400.0,400,1077.454265
-400.0,400,1077.912001
-400.0,400,1078.370513
-400.0,400,1078.827276
-400.0,400,1085.518838
-400.0,400,1085.995365
-400.0,400,1086.469855
-400.0,400,1086.944595
-400.0,400,1087.419743
-400.0,400,1094.125326
-400.0,400,1094.584245
-400.0,400,1095.043857
-400.0,400,1095.50298
-400.0,400,1095.962067
-400.0,400,1102.604359
-400.0,400,1103.06286
-400.0,400,1103.522093
-400.0,400,1103.980512
-400.0,400,1104.439349
-400.0,400,1111.355823
-400.0,400,1111.820923
-400.0,400,1112.302696
-400.0,400,1112.802829
-400.0,400,1113.323082
-400.0,400,1120.177039
-400.0,400,1120.702772
-400.0,400,1121.187293
-400.0,400,1121.664989
-400.0,400,1122.15315
-400.0,400,1128.930401
-400.0,400,1129.394885
-400.0,400,1129.869682
-400.0,400,1130.34251
-400.0,400,1130.807147
-400.0,400,1131.276312
-400.0,400,1138.107746
-400.0,400,1138.60974
-400.0,400,1139.082575
-400.0,400,1139.563962
-400.0,400,1140.04347
-400.0,400,1146.870573
-400.0,400,1147.342255
-400.0,400,1147.809499
-400.0,400,1148.278453
-400.0,400,1148.747809
-400.0,400,1155.500038
-400.0,400,1155.976727
-400.0,400,1156.455133
-400.0,400,1156.933326
-400.0,400,1157.414638
-400.0,400,1164.342646
-400.0,400,1164.8167
-400.0,400,1165.292596
-400.0,400,1165.767793
-400.0,400,1166.244208
-400.0,400,1173.092309
-400.0,400,1173.555179
-400.0,400,1174.022969
-400.0,400,1174.48681
-400.0,400,1174.952312
-400.0,400,1181.748976
-400.0,400,1182.222275
-400.0,400,1182.686572
-400.0,400,1183.147132
-400.0,400,1183.609759
-400.0,400,1190.246599
-400.0,400,1190.705331
-400.0,400,1191.165015
-400.0,400,1191.630467
-400.0,400,1192.088996
-400.0,400,1198.69673
-400.0,400,1199.153245
-400.0,400,1199.609876
-400.0,400,1200.066707
-400.0,400,1200.523542
-400.0,400,1200.980799
-400.0,400,1207.621667
-400.0,400,1208.090161
-400.0,400,1208.55772
-400.0,400,1209.025944
-400.0,400,1209.494035
-400.0,400,1216.243984
-400.0,400,1216.717355
-400.0,400,1217.191097
-400.0,400,1217.664736
-400.0,400,1218.138121
-400.0,400,1224.818153
-400.0,400,1225.275736
-400.0,400,1225.732699
-400.0,400,1226.191197
-400.0,400,1226.648187
-400.0,400,1233.369762
-400.0,400,1233.840687
-400.0,400,1234.325711
-400.0,400,1234.800709
-400.0,400,1235.275598
-400.0,400,1242.038153
-400.0,400,1242.500541
-400.0,400,1242.958938
-400.0,400,1243.417899
-400.0,400,1243.88662
-400.0,400,1250.841333
-400.0,400,1251.30581
-400.0,400,1251.791553
-400.0,400,1252.290528
-400.0,400,1252.774726
-400.0,400,1259.888454
-400.0,400,1260.470679
-400.0,400,1260.966441
-400.0,400,1261.543827
-400.0,400,1262.018719
-400.0,400,1269.465184
-400.0,400,1270.03722
-400.0,400,1270.522052
-400.0,400,1271.012691
-400.0,400,1271.551196
-400.0,400,1272.128248
-400.0,400,1279.514018
-400.0,400,1279.991145
-400.0,400,1280.56552
-400.0,400,1281.058022
-400.0,400,1281.535713
-400.0,400,1301.976191
-400.0,400,1302.435608
-400.0,400,1302.89446
-400.0,400,1303.352854
-400.0,400,1303.811838
-400.0,400,1311.041417
-400.0,400,1311.533159
-400.0,400,1312.02387
-400.0,400,1312.514195
-400.0,400,1312.995426
-400.0,400,1320.007539
-400.0,400,1320.540179
-400.0,400,1321.047744
-400.0,400,1321.527304
-400.0,400,1321.994532
-400.0,400,1329.030546
-400.0,400,1329.541848
-400.0,400,1330.03358
-400.0,400,1330.518984
-400.0,400,1331.033877
-400.0,400,1337.973784
-400.0,400,1338.466732
-400.0,400,1338.939594
-400.0,400,1339.413973
-400.0,400,1339.894758
-400.0,400,1347.038919
-400.0,400,1347.529695
-400.0,400,1348.049079
-400.0,400,1348.530369
-400.0,400,1349.00801
-400.0,400,1355.943057
-400.0,400,1356.441173
-400.0,400,1356.928019
-400.0,400,1357.391849
-400.0,400,1357.85031
-400.0,400,1364.811159
-400.0,400,1365.291218
-400.0,400,1365.784456
-400.0,400,1366.276414
-400.0,400,1366.752809
-400.0,400,1367.227811
-400.0,400,1374.008555
-400.0,400,1374.489382
-400.0,400,1374.997542
-400.0,400,1375.465153
-400.0,400,1375.942816
-400.0,400,1382.964547
-400.0,400,1383.442094
-400.0,400,1383.931113
-400.0,400,1384.414457
-400.0,400,1384.883263
-400.0,400,1391.989478
-400.0,400,1392.466128
-400.0,400,1392.973223
-400.0,400,1393.447809
-400.0,400,1393.918634
-400.0,400,1400.854285
-400.0,400,1401.336895
-400.0,400,1401.844131
-400.0,400,1402.328622
-400.0,400,1402.805863
-400.0,400,1409.854321
-400.0,400,1410.348117
-400.0,400,1410.875232
-400.0,400,1411.373702
-400.0,400,1411.87354
-400.0,400,1418.739557
-400.0,400,1419.224965
-400.0,400,1419.684328
-400.0,400,1420.156891
-400.0,400,1420.615983
-400.0,400,1427.658273
-400.0,400,1428.137663
-400.0,400,1428.623679
-400.0,400,1429.094173
-400.0,400,1429.562968
-400.0,400,1436.38631
-400.0,400,1436.90532
-400.0,400,1437.382811
-400.0,400,1437.888974
-400.0,400,1438.381447
-400.0,400,1438.864824
-400.0,400,1445.71023
-400.0,400,1446.185782
-400.0,400,1446.71524
-400.0,400,1447.182341
-400.0,400,1447.673401
-400.0,400,1454.596907
-400.0,400,1455.079205
-400.0,400,1455.627406
-400.0,400,1456.103805
-400.0,400,1456.574458
-400.0,400,1463.874822
-400.0,400,1464.430336
-400.0,400,1464.951137
-400.0,400,1465.476719
-400.0,400,1465.95422
-400.0,400,1473.140683
-400.0,400,1473.652075
-400.0,400,1474.242712
-400.0,400,1474.812404
-400.0,400,1475.331047
-400.0,400,1482.866707
-400.0,400,1483.383177
-400.0,400,1483.899129
-400.0,400,1484.418549
-400.0,400,1484.934885
-400.0,400,1492.340999
-400.0,400,1492.876303
-400.0,400,1493.400804
-400.0,400,1493.907327
-400.0,400,1494.39979
-400.0,400,1501.856138
-400.0,400,1502.321888
-400.0,400,1502.785565
-400.0,400,1503.259412
-400.0,400,1503.731845
-400.0,400,1511.01109
-400.0,400,1511.593074
-400.0,400,1512.129934
-400.0,400,1512.663542
-400.0,400,1513.20825
-400.0,400,1513.746861
-400.0,400,1521.158438
-400.0,400,1521.707232
-400.0,400,1522.218675
-400.0,400,1522.729555
-400.0,400,1523.323601
-400.0,400,1543.671075
-400.0,400,1544.128356
-400.0,400,1544.585096
-400.0,400,1545.042567
-400.0,400,1545.499255
-400.0,400,1552.289471
-400.0,400,1552.764174
-400.0,400,1553.242801
-400.0,400,1553.717983
-400.0,400,1554.197046
-400.0,400,1560.909648
-400.0,400,1561.368585
-400.0,400,1561.827913
-400.0,400,1562.288142
-400.0,400,1562.747122
-400.0,400,1569.329267
-400.0,400,1569.787299
-400.0,400,1570.244469
-400.0,400,1570.7017
-400.0,400,1571.15874
-400.0,400,1577.790631
-400.0,400,1578.248455
-400.0,400,1578.706318
-400.0,400,1579.164055
-400.0,400,1579.621611
-400.0,400,1586.389051
-400.0,400,1586.863671
-400.0,400,1587.338366
-400.0,400,1587.816552
-400.0,400,1588.290747
-400.0,400,1595.066665
-400.0,400,1595.533942
-400.0,400,1596.002537
-400.0,400,1596.47177
-400.0,400,1596.939546
-400.0,400,1603.603359
-400.0,400,1604.063977
-400.0,400,1604.521438
-400.0,400,1604.979128
-400.0,400,1605.440715
-400.0,400,1605.900028
-400.0,400,1612.646696
-400.0,400,1613.121516
-400.0,400,1613.595857
-400.0,400,1614.071236
-400.0,400,1614.545204
-400.0,400,1621.297854
-400.0,400,1621.765178
-400.0,400,1622.232891
-400.0,400,1622.699805
-400.0,400,1623.167947
-400.0,400,1629.863188
-400.0,400,1630.320661
-400.0,400,1630.778098
-400.0,400,1631.235487
-400.0,400,1631.69327
-400.0,400,1638.329472
-400.0,400,1638.786379
-400.0,400,1639.243602
-400.0,400,1639.700425
-400.0,400,1640.157897
-400.0,400,1646.78042
-400.0,400,1647.237923
-400.0,400,1647.695035
-400.0,400,1648.152888
-400.0,400,1648.609541
-400.0,400,1655.230275
-400.0,400,1655.689829
-400.0,400,1656.150815
-400.0,400,1656.610417
-400.0,400,1657.070148
-400.0,400,1663.721021
-400.0,400,1664.187954
-400.0,400,1664.65486
-400.0,400,1665.122899
-400.0,400,1665.589747
-400.0,400,1672.379414
-400.0,400,1672.853842
-400.0,400,1673.328728
-400.0,400,1673.803044
-400.0,400,1674.277972
-400.0,400,1674.752647
-400.0,400,1681.517701
-400.0,400,1681.9853
-400.0,400,1682.451941
-400.0,400,1682.918577
-400.0,400,1683.385276
-400.0,400,1690.002316
-400.0,400,1690.46104
-400.0,400,1690.919487
-400.0,400,1691.378237
-400.0,400,1691.836812
-400.0,400,1698.500371
-400.0,400,1698.96749
-400.0,400,1699.434886
-400.0,400,1699.901793
-400.0,400,1700.369378
-400.0,400,1707.140236
-400.0,400,1707.607448
-400.0,400,1708.074694
-400.0,400,1708.542047
-400.0,400,1709.009581
-400.0,400,1715.727763
-400.0,400,1716.198532
-400.0,400,1716.665587
-400.0,400,1717.13275
-400.0,400,1717.599702
-400.0,400,1724.273418
-400.0,400,1724.732107
-400.0,400,1725.191259
-400.0,400,1725.649839
-400.0,400,1726.109571
-400.0,400,1732.740747
-400.0,400,1733.199498
-400.0,400,1733.658044
-400.0,400,1734.11712
-400.0,400,1734.57551
-400.0,400,1741.289342
-400.0,400,1741.756578
-400.0,400,1742.224189
-400.0,400,1742.69167
-400.0,400,1743.159975
-400.0,400,1743.627429
-400.0,400,1750.383439
-400.0,400,1750.842138
-400.0,400,1751.30092
-400.0,400,1751.759851
-400.0,400,1752.219122
-400.0,400,1772.530927
-400.0,400,1772.988055
-400.0,400,1773.444949
-400.0,400,1773.901662
-400.0,400,1774.358892
-400.0,400,1781.029859
-400.0,400,1781.488394
-400.0,400,1781.947043
-400.0,400,1782.405893
-400.0,400,1782.864571
-400.0,400,1789.563184
-400.0,400,1790.037606
-400.0,400,1790.511316
-400.0,400,1790.985473
-400.0,400,1791.460394
-400.0,400,1798.223791
-400.0,400,1798.690772
-400.0,400,1799.157754
-400.0,400,1799.624474
-400.0,400,1800.091311
-400.0,400,1806.777728
-400.0,400,1807.236451
-400.0,400,1807.694446
-400.0,400,1808.1536
-400.0,400,1808.61163
-400.0,400,1815.332744
-400.0,400,1815.800465
-400.0,400,1816.268462
-400.0,400,1816.735918
-400.0,400,1817.203733
-400.0,400,1823.946097
-400.0,400,1824.413219
-400.0,400,1824.880298
-400.0,400,1825.347353
-400.0,400,1825.814571
-400.0,400,1832.568485
-400.0,400,1833.039483
-400.0,400,1833.507106
-400.0,400,1833.975101
-400.0,400,1834.442554
-400.0,400,1834.911239
-400.0,400,1841.703592
-400.0,400,1842.182717
-400.0,400,1842.657069
-400.0,400,1843.130737
-400.0,400,1843.604181
-400.0,400,1850.38759
-400.0,400,1850.854229
-400.0,400,1851.321429
-400.0,400,1851.788148
-400.0,400,1852.255065
-400.0,400,1858.92523
-400.0,400,1859.384583
-400.0,400,1859.843313
-400.0,400,1860.302644
-400.0,400,1860.761859
-400.0,400,1867.434519
-400.0,400,1867.892499
-400.0,400,1868.350719
-400.0,400,1868.809063
-400.0,400,1869.267806
-400.0,400,1875.958527
-400.0,400,1876.417649
-400.0,400,1876.876307
-400.0,400,1877.33518
-400.0,400,1877.794139
-400.0,400,1884.483602
-400.0,400,1884.950563
-400.0,400,1885.417504
-400.0,400,1885.884605
-400.0,400,1886.353048
-400.0,400,1893.189458
-400.0,400,1893.656003
-400.0,400,1894.12307
-400.0,400,1894.590554
-400.0,400,1895.058288
-400.0,400,1901.822145
-400.0,400,1902.279504
-400.0,400,1902.736453
-400.0,400,1903.193528
-400.0,400,1903.650326
-400.0,400,1904.106901
-400.0,400,1910.897372
-400.0,400,1911.358536
-400.0,400,1911.818611
-400.0,400,1912.279806
-400.0,400,1912.740509
-400.0,400,1919.412853
-400.0,400,1919.871972
-400.0,400,1920.330308
-400.0,400,1920.788292
-400.0,400,1921.246468
-400.0,400,1927.963042
-400.0,400,1928.420923
-400.0,400,1928.8791
-400.0,400,1929.336951
-400.0,400,1929.79582
-400.0,400,1936.460215
-400.0,400,1936.918405
-400.0,400,1937.376966
-400.0,400,1937.835059
-400.0,400,1938.293456
-400.0,400,1944.966592
-400.0,400,1945.426758
-400.0,400,1945.887071
-400.0,400,1946.348929
-400.0,400,1946.808636
-400.0,400,1953.507888
-400.0,400,1953.976022
-400.0,400,1954.44437
-400.0,400,1954.912999
-400.0,400,1955.381058
-400.0,400,1962.37802
-400.0,400,1962.851127
-400.0,400,1963.324588
-400.0,400,1963.79815
-400.0,400,1964.271776
-400.0,400,1971.093307
-400.0,400,1971.560338
-400.0,400,1972.028376
-400.0,400,1972.495578
-400.0,400,1972.966385
-400.0,400,1973.434022
-400.0,400,1980.375353
-400.0,400,1980.833923
-400.0,400,1981.29291
-400.0,400,1981.751538
-400.0,400,1982.210881
-400.0,400,2009.019036
-400.0,400,2009.477843
-400.0,400,2009.936645
-400.0,400,2010.395705
-400.0,400,2010.854725
-400.0,400,2018.025244
-400.0,400,2018.492173
-400.0,400,2018.959139
-400.0,400,2019.425987
-400.0,400,2019.893503
-400.0,400,2027.644754
-400.0,400,2028.102954
-400.0,400,2028.561156
-400.0,400,2029.019402
-400.0,400,2029.477881
-400.0,400,2037.196487
-400.0,400,2037.654787
-400.0,400,2038.11327
-400.0,400,2038.571226
-400.0,400,2039.029549
-400.0,400,2047.762028
-400.0,400,2048.229931
-400.0,400,2048.697309
-400.0,400,2049.165359
-400.0,400,2049.633102
-400.0,400,2057.822743
-400.0,400,2058.297034
-400.0,400,2058.770999
-400.0,400,2059.245285
-400.0,400,2059.719089
-400.0,400,2067.697733
-400.0,400,2068.154907
-400.0,400,2068.612148
-400.0,400,2069.069279
-400.0,400,2069.526352
-400.0,400,2077.031898
-400.0,400,2077.501834
-400.0,400,2077.969167
-400.0,400,2078.436443
-400.0,400,2078.903794
-400.0,400,2079.371975
-400.0,400,2087.888408
-400.0,400,2088.346993
-400.0,400,2088.805035
-400.0,400,2089.263546
-400.0,400,2089.722213
-400.0,400,2098.202695
-400.0,400,2098.661567
-400.0,400,2099.120311
-400.0,400,2099.57976
-400.0,400,2100.042171
-400.0,400,2108.501067
-400.0,400,2108.959463
-400.0,400,2109.417994
-400.0,400,2109.877639
-400.0,400,2110.33642
-400.0,400,2118.269682
-400.0,400,2118.728663
-400.0,400,2119.187631
-400.0,400,2119.645914
-400.0,400,2120.104395
-400.0,400,2127.150053
-400.0,400,2127.609045
-400.0,400,2128.068067
-400.0,400,2128.526658
-400.0,400,2128.985168
-400.0,400,2137.705039
-400.0,400,2138.161927
-400.0,400,2138.618283
-400.0,400,2139.075237
-400.0,400,2139.531658
-400.0,400,2148.049263
-400.0,400,2148.506434
-400.0,400,2148.963744
-400.0,400,2149.420792
-400.0,400,2149.877903
-400.0,400,2157.692233
-400.0,400,2158.159807
-400.0,400,2158.626745
-400.0,400,2159.101441
-400.0,400,2159.599477
-400.0,400,2160.091727
-400.0,400,2168.236084
-400.0,400,2168.702984
-400.0,400,2169.170211
-400.0,400,2169.637331
-400.0,400,2170.105152
-400.0,400,2178.636093
-400.0,400,2179.094635
-400.0,400,2179.552736
-400.0,400,2180.010647
-400.0,400,2180.468509
-400.0,400,2189.192101
-400.0,400,2189.648754
-400.0,400,2190.120561
-400.0,400,2190.577458
-400.0,400,2191.054435
-400.0,400,2199.913297
-400.0,400,2200.379779
-400.0,400,2200.845593
-400.0,400,2201.316038
-400.0,400,2201.781789
-400.0,400,2209.912263
-400.0,400,2210.379084
-400.0,400,2210.845593
-400.0,400,2211.312217
-400.0,400,2211.778723
-400.0,400,2220.500649
-400.0,400,2220.958646
-400.0,400,2221.416898
-400.0,400,2221.874794
-400.0,400,2222.333
-400.0,400,2231.006093
-400.0,400,2231.464669
-400.0,400,2231.922998
-400.0,400,2232.381607
-400.0,400,2232.839642
-400.0,400,2241.731088
-400.0,400,2242.208966
-400.0,400,2242.686477
-400.0,400,2243.164006
-400.0,400,2243.641575
-400.0,400,2244.119066
-400.0,400,2252.953201
-400.0,400,2253.411279
-400.0,400,2253.867967
-400.0,400,2254.325007
-400.0,400,2254.781732
-400.0,400,2295.949005
-400.0,400,2296.416183
-400.0,400,2296.883072
-400.0,400,2297.350513
-400.0,400,2297.817989
-400.0,400,2306.649442
-400.0,400,2307.117492
-400.0,400,2307.584997
-400.0,400,2308.052553
-400.0,400,2308.520147
-400.0,400,2317.333703
-400.0,400,2317.790946
-400.0,400,2318.248457
-400.0,400,2318.705724
-400.0,400,2319.163628
-400.0,400,2327.881569
-400.0,400,2328.340689
-400.0,400,2328.800501
-400.0,400,2329.260885
-400.0,400,2329.718942
-400.0,400,2338.463662
-400.0,400,2338.92119
-400.0,400,2339.378601
-400.0,400,2339.835958
-400.0,400,2340.293696
-400.0,400,2349.100508
-400.0,400,2349.567892
-400.0,400,2350.036052
-400.0,400,2350.503053
-400.0,400,2350.970584
-400.0,400,2359.823099
-400.0,400,2360.290685
-400.0,400,2360.75859
-400.0,400,2361.226899
-400.0,400,2361.695209
-400.0,400,2370.600153
-400.0,400,2371.076919
-400.0,400,2371.551056
-400.0,400,2372.025707
-400.0,400,2372.504344
-400.0,400,2372.979039
-400.0,400,2381.772908
-400.0,400,2382.230171
-400.0,400,2382.687011
-400.0,400,2383.144049
-400.0,400,2383.600931
-400.0,400,2392.340233
-400.0,400,2392.799749
-400.0,400,2393.258528
-400.0,400,2393.71722
-400.0,400,2394.176222
-400.0,400,2403.121538
-400.0,400,2403.595595
-400.0,400,2404.070464
-400.0,400,2404.544689
-400.0,400,2405.019851
-400.0,400,2413.830147
-400.0,400,2414.28684
-400.0,400,2414.743288
-400.0,400,2415.199774
-400.0,400,2415.655767
-400.0,400,2424.34763
-400.0,400,2424.806395
-400.0,400,2425.265343
-400.0,400,2425.724358
-400.0,400,2426.184142
-400.0,400,2435.054789
-400.0,400,2435.52152
-400.0,400,2435.988882
-400.0,400,2436.455991
-400.0,400,2436.923005
-400.0,400,2445.747413
-400.0,400,2446.214875
-400.0,400,2446.683151
-400.0,400,2447.150985
-400.0,400,2447.62122
-400.0,400,2456.424955
-400.0,400,2456.881831
-400.0,400,2457.342776
-400.0,400,2457.800464
-400.0,400,2458.257809
-400.0,400,2458.715487
-400.0,400,2467.441837
-400.0,400,2467.899834
-400.0,400,2468.358238
-400.0,400,2468.816642
-400.0,400,2469.2756
-400.0,400,2478.125092
-400.0,400,2478.592776
-400.0,400,2479.060046
-400.0,400,2479.527751
-400.0,400,2479.996158
-400.0,400,2488.883497
-400.0,400,2489.350691
-400.0,400,2489.827929
-400.0,400,2490.302734
-400.0,400,2490.770962
-400.0,400,2499.627612
-400.0,400,2500.096111
-400.0,400,2500.563183
-400.0,400,2501.030194
-400.0,400,2501.497473
-400.0,400,2510.465607
-400.0,400,2510.943415
-400.0,400,2511.420465
-400.0,400,2511.898367
-400.0,400,2512.375929
-400.0,400,2521.184654
-400.0,400,2521.643596
-400.0,400,2522.102557
-400.0,400,2522.561023
-400.0,400,2523.019931
-400.0,400,2531.738969
-400.0,400,2532.197386
-400.0,400,2532.655536
-400.0,400,2533.113172
-400.0,400,2533.570849
-400.0,400,2542.256359
-400.0,400,2542.713096
-400.0,400,2543.17076
-400.0,400,2543.627787
-400.0,400,2544.084696
-400.0,400,2544.54165
-400.0,400,2553.223604
-400.0,400,2553.680171
-400.0,400,2554.137749
-400.0,400,2554.594166
-400.0,400,2555.05162
-400.0,400,2595.882845
-400.0,400,2596.340266
-400.0,400,2596.79739
-400.0,400,2597.255054
-400.0,400,2597.711955
-400.0,400,2606.402305
-400.0,400,2606.859806
-400.0,400,2607.317447
-400.0,400,2607.774529
-400.0,400,2608.231795
-400.0,400,2617.145382
-400.0,400,2617.619148
-400.0,400,2618.09313
-400.0,400,2618.567368
-400.0,400,2619.041837
-400.0,400,2627.901675
-400.0,400,2628.360457
-400.0,400,2628.818407
-400.0,400,2629.276549
-400.0,400,2629.734778
-400.0,400,2638.466829
-400.0,400,2638.925575
-400.0,400,2639.383832
-400.0,400,2639.842485
-400.0,400,2640.301072
-400.0,400,2649.121928
-400.0,400,2649.588629
-400.0,400,2650.057624
-400.0,400,2650.524734
-400.0,400,2650.991796
-400.0,400,2659.887559
-400.0,400,2660.354313
-400.0,400,2660.82131
-400.0,400,2661.288561
-400.0,400,2661.755573
-400.0,400,2670.814461
-400.0,400,2671.284781
-400.0,400,2671.753134
-400.0,400,2672.221981
-400.0,400,2672.689507
-400.0,400,2673.157587
-400.0,400,2681.930157
-400.0,400,2682.386849
-400.0,400,2682.8437
-400.0,400,2683.300102
-400.0,400,2683.756344
-400.0,400,2692.437415
-400.0,400,2692.895094
-400.0,400,2693.352667
-400.0,400,2693.809948
-400.0,400,2694.331612
-400.0,400,2703.37605
-400.0,400,2703.843957
-400.0,400,2704.314633
-400.0,400,2704.784473
-400.0,400,2705.255983
-400.0,400,2714.191634
-400.0,400,2714.667739
-400.0,400,2715.172454
-400.0,400,2715.675985
-400.0,400,2716.180124
-400.0,400,2725.73793
-400.0,400,2726.208405
-400.0,400,2726.667871
-400.0,400,2727.129177
-400.0,400,2727.590014
-400.0,400,2736.325495
-400.0,400,2736.783906
-400.0,400,2737.24335
-400.0,400,2737.700137
-400.0,400,2738.16052
-400.0,400,2747.060333
-400.0,400,2747.540253
-400.0,400,2748.017146
-400.0,400,2748.491732
-400.0,400,2748.970351
-400.0,400,2757.703388
-400.0,400,2758.1624
-400.0,400,2758.620805
-400.0,400,2759.078153
-400.0,400,2759.53638
-400.0,400,2759.995445
-400.0,400,2768.69489
-400.0,400,2769.154707
-400.0,400,2769.613701
-400.0,400,2770.072536
-400.0,400,2770.531058
-400.0,400,2779.343961
-400.0,400,2779.802532
-400.0,400,2780.26158
-400.0,400,2780.719095
-400.0,400,2781.178555
-400.0,400,2790.193861
-400.0,400,2790.655558
-400.0,400,2791.117155
-400.0,400,2791.575957
-400.0,400,2792.037348
-400.0,400,2800.82328
-400.0,400,2801.280358
-400.0,400,2801.739159
-400.0,400,2802.198032
-400.0,400,2802.656256
-400.0,400,2811.416194
-400.0,400,2811.877685
-400.0,400,2812.33924
-400.0,400,2812.800487
-400.0,400,2813.260041
-400.0,400,2822.157202
-400.0,400,2822.62684
-400.0,400,2823.096805
-400.0,400,2823.566054
-400.0,400,2824.034251
-400.0,400,2832.936681
-400.0,400,2833.40608
-400.0,400,2833.874536
-400.0,400,2834.343935
-400.0,400,2834.811791
-400.0,400,2843.58694
-400.0,400,2844.047459
-400.0,400,2844.505394
-400.0,400,2844.964958
-400.0,400,2845.424105
-400.0,400,2845.881536
-400.0,400,2854.798684
-400.0,400,2855.273112
-400.0,400,2855.748972
-400.0,400,2856.225077
-400.0,400,2856.698845
-400.0,400,2898.031235
-400.0,400,2898.49867
-400.0,400,2898.968117
-400.0,400,2899.438245
-400.0,400,2899.905457
-400.0,400,2908.953319
-400.0,400,2909.431282
-400.0,400,2909.913862
-400.0,400,2910.394064
-400.0,400,2910.874342
-400.0,400,2919.602393
-400.0,400,2920.063467
-400.0,400,2920.52254
-400.0,400,2920.981081
-400.0,400,2921.438579
-400.0,400,2930.28452
-400.0,400,2930.753371
-400.0,400,2931.221043
-400.0,400,2931.691509
-400.0,400,2932.162197
-400.0,400,2940.959974
-400.0,400,2941.418738
-400.0,400,2941.875328
-400.0,400,2942.334722
-400.0,400,2942.793347
-400.0,400,2951.614201
-400.0,400,2952.084002
-400.0,400,2952.553217
-400.0,400,2953.022345
-400.0,400,2953.492017
-400.0,400,2962.429082
-400.0,400,2962.89744
-400.0,400,2963.367002
-400.0,400,2963.834997
-400.0,400,2964.304075
-400.0,400,2973.066962
-400.0,400,2973.527634
-400.0,400,2973.986617
-400.0,400,2974.444079
-400.0,400,2974.90288
-400.0,400,2975.36286
-400.0,400,2984.282279
-400.0,400,2984.758015
-400.0,400,2985.232487
-400.0,400,2985.708116
-400.0,400,2986.184772
-400.0,400,2995.151812
-400.0,400,2995.622202
-400.0,400,2996.089793
-400.0,400,2996.559019
-400.0,400,2997.029158
-400.0,400,3005.897887
-400.0,400,3006.367225
-400.0,400,3006.835002
-400.0,400,3007.304246
-400.0,400,3007.772995
-400.0,400,3016.661772
-400.0,400,3017.138309
-400.0,400,3017.612252
-400.0,400,3018.088202
-400.0,400,3018.564852
-400.0,400,3027.495264
-400.0,400,3027.964172
-400.0,400,3028.431339
-400.0,400,3028.899994
-400.0,400,3029.369164
-400.0,400,3038.160194
-400.0,400,3038.618653
-400.0,400,3039.077234
-400.0,400,3039.535773
-400.0,400,3039.994238
-400.0,400,3048.756917
-400.0,400,3049.217918
-400.0,400,3049.677943
-400.0,400,3050.136755
-400.0,400,3050.597934
-400.0,400,3059.361995
-400.0,400,3059.819995
-400.0,400,3060.281278
-400.0,400,3060.741353
-400.0,400,3061.204749
-400.0,400,3061.665934
-400.0,400,3070.488304
-400.0,400,3070.948611
-400.0,400,3071.408892
-400.0,400,3071.866886
-400.0,400,3072.326879
-400.0,400,3081.046312
-400.0,400,3081.504716
-400.0,400,3081.96466
-400.0,400,3082.424133
-400.0,400,3082.883716
-400.0,400,3091.810405
-400.0,400,3092.284847
-400.0,400,3092.760677
-400.0,400,3093.237681
-400.0,400,3093.713938
-400.0,400,3102.480721
-400.0,400,3102.938919
-400.0,400,3103.400565
-400.0,400,3103.860091
-400.0,400,3104.318579
-400.0,400,3113.232118
-400.0,400,3113.706043
-400.0,400,3114.182502
-400.0,400,3114.658993
-400.0,400,3115.13432
-400.0,400,3124.169087
-400.0,400,3124.647018
-400.0,400,3125.125595
-400.0,400,3125.609424
-400.0,400,3126.088781
-400.0,400,3134.911846
-400.0,400,3135.369983
-400.0,400,3135.829456
-400.0,400,3136.289294
-400.0,400,3136.746628
-400.0,400,3145.494926
-400.0,400,3145.954926
-400.0,400,3146.413786
-400.0,400,3146.874521
-400.0,400,3147.33538
-400.0,400,3147.79558
-400.0,400,3156.69254
-400.0,400,3157.166687
-400.0,400,3157.642342
-400.0,400,3158.118537
-400.0,400,3158.594287
-400.0,400,3200.150843
-400.0,400,3200.620482
-400.0,400,3201.089894
-400.0,400,3201.55839
-400.0,400,3202.027623
-400.0,400,3210.894006
-400.0,400,3211.353156
-400.0,400,3211.814017
-400.0,400,3212.274535
-400.0,400,3212.735489
-400.0,400,3221.49714
-400.0,400,3221.955863
-400.0,400,3222.421196
-400.0,400,3222.881218
-400.0,400,3223.340109
-400.0,400,3232.168794
-400.0,400,3232.629619
-400.0,400,3233.09012
-400.0,400,3233.551026
-400.0,400,3234.010359
-400.0,400,3242.769674
-400.0,400,3243.232003
-400.0,400,3243.689264
-400.0,400,3244.147742
-400.0,400,3244.606827
-400.0,400,3253.343976
-400.0,400,3253.8065
-400.0,400,3254.265568
-400.0,400,3254.724557
-400.0,400,3255.183474
-400.0,400,3264.088027
-400.0,400,3264.567618
-400.0,400,3265.047549
-400.0,400,3265.525785
-400.0,400,3266.007204
-400.0,400,3274.799317
-400.0,400,3275.261627
-400.0,400,3275.722337
-400.0,400,3276.18088
-400.0,400,3276.643734
-400.0,400,3277.104634
-400.0,400,3285.952461
-400.0,400,3286.424236
-400.0,400,3286.893086
-400.0,400,3287.36292
-400.0,400,3287.836403
-400.0,400,3296.776418
-400.0,400,3297.246791
-400.0,400,3297.714294
-400.0,400,3298.184845
-400.0,400,3298.654541
-400.0,400,3307.426296
-400.0,400,3307.886398
-400.0,400,3308.346934
-400.0,400,3308.805892
-400.0,400,3309.267441
-400.0,400,3318.076149
-400.0,400,3318.545971
-400.0,400,3319.015526
-400.0,400,3319.483334
-400.0,400,3319.952447
-400.0,400,3328.762135
-400.0,400,3329.219763
-400.0,400,3329.680195
-400.0,400,3330.137904
-400.0,400,3330.597268
-400.0,400,3339.325755
-400.0,400,3339.783479
-400.0,400,3340.242019
-400.0,400,3340.701075
-400.0,400,3341.161313
-400.0,400,3349.8897
-400.0,400,3350.355791
-400.0,400,3350.815118
-400.0,400,3351.275624
-400.0,400,3351.736808
-400.0,400,3360.533672
-400.0,400,3360.994206
-400.0,400,3361.452438
-400.0,400,3361.913101
-400.0,400,3362.373924
-400.0,400,3362.832889
-400.0,400,3371.706136
-400.0,400,3372.175135
-400.0,400,3372.64473
-400.0,400,3373.114019
-400.0,400,3373.582028
-400.0,400,3382.342447
-400.0,400,3382.803861
-400.0,400,3383.263044
-400.0,400,3383.724029
-400.0,400,3384.185455
-400.0,400,3393.167909
-400.0,400,3393.644002
-400.0,400,3394.118624
-400.0,400,3394.595491
-400.0,400,3395.072495
-400.0,400,3403.856892
-400.0,400,3404.315847
-400.0,400,3404.773476
-400.0,400,3405.232443
-400.0,400,3405.692179
-400.0,400,3414.595829
-400.0,400,3415.066553
-400.0,400,3415.53498
-400.0,400,3416.003847
-400.0,400,3416.47212
-400.0,400,3425.267608
-400.0,400,3425.726834
-400.0,400,3426.185568
-400.0,400,3426.643292
-400.0,400,3427.104222
-400.0,400,3435.929442
-400.0,400,3436.399711
-400.0,400,3436.869616
-400.0,400,3437.33729
-400.0,400,3437.806824
-400.0,400,3446.712947
-400.0,400,3447.183478
-400.0,400,3447.653767
-400.0,400,3448.122323
-400.0,400,3448.593226
-400.0,400,3449.063595
-400.0,400,3458.059866
-400.0,400,3458.538868
-400.0,400,3459.017168
-400.0,400,3459.496529
-400.0,400,3459.977178
-400.0,400,3502.814852
-400.0,400,3503.275319
-400.0,400,3503.735868
-400.0,400,3504.197972
-400.0,400,3504.657419
-400.0,400,3513.442951
-400.0,400,3513.9017
-400.0,400,3514.358871
-400.0,400,3514.820261
-400.0,400,3515.279092
-400.0,400,3524.022877
-400.0,400,3524.484632
-400.0,400,3524.943927
-400.0,400,3525.403664
-400.0,400,3525.863772
-400.0,400,3534.776817
-400.0,400,3535.245991
-400.0,400,3535.71636
-400.0,400,3536.185222
-400.0,400,3536.654083
-400.0,400,3545.543527
-400.0,400,3546.013773
-400.0,400,3546.486505
-400.0,400,3546.959471
-400.0,400,3547.432172
-400.0,400,3556.197871
-400.0,400,3556.657223
-400.0,400,3557.117037
-400.0,400,3557.573998
-400.0,400,3558.033719
-400.0,400,3566.912246
-400.0,400,3567.388569
-400.0,400,3567.864882
-400.0,400,3568.339246
-400.0,400,3568.815333
-400.0,400,3577.643383
-400.0,400,3578.101815
-400.0,400,3578.560308
-400.0,400,3579.019514
-400.0,400,3579.478148
-400.0,400,3579.9393
-400.0,400,3588.761261
-400.0,400,3589.231218
-400.0,400,3589.700651
-400.0,400,3590.168371
-400.0,400,3590.638781
-400.0,400,3599.561679
-400.0,400,3600.038247
-400.0,400,3600.513718
-400.0,400,3600.987941
-400.0,400,3601.464986
-400.0,400,3610.178535
-400.0,400,3610.63664
-400.0,400,3611.095777
-400.0,400,3611.552084
-400.0,400,3612.010924
-400.0,400,3620.714973
-400.0,400,3621.177539
-400.0,400,3621.639695
-400.0,400,3622.100563
-400.0,400,3622.559232
-400.0,400,3631.445652
-400.0,400,3631.915728
-400.0,400,3632.384999
-400.0,400,3632.853888
-400.0,400,3633.320725
-400.0,400,3642.10858
-400.0,400,3642.567652
-400.0,400,3643.024904
-400.0,400,3643.483593
-400.0,400,3643.942618
-400.0,400,3652.776927
-400.0,400,3653.246594
-400.0,400,3653.714176
-400.0,400,3654.184111
-400.0,400,3654.653755
-400.0,400,3663.493242
-400.0,400,3663.954911
-400.0,400,3664.413048
-400.0,400,3664.873305
-400.0,400,3665.332988
-400.0,400,3665.791702
-400.0,400,3674.642659
-400.0,400,3675.114366
-400.0,400,3675.584128
-400.0,400,3676.054566
-400.0,400,3676.522559
-400.0,400,3685.39425
-400.0,400,3685.854837
-400.0,400,3686.316448
-400.0,400,3686.780049
-400.0,400,3687.245533
-400.0,400,3696.141651
-400.0,400,3696.607913
-400.0,400,3697.072245
-400.0,400,3697.536401
-400.0,400,3698.010226
-400.0,400,3706.93034
-400.0,400,3707.409593
-400.0,400,3707.884942
-400.0,400,3708.362098
-400.0,400,3708.838911
-400.0,400,3717.785726
-400.0,400,3718.254797
-400.0,400,3718.722109
-400.0,400,3719.19151
-400.0,400,3719.659976
-400.0,400,3728.431376
-400.0,400,3728.891254
-400.0,400,3729.348244
-400.0,400,3729.807442
-400.0,400,3730.266491
-400.0,400,3738.996134
-400.0,400,3739.454614
-400.0,400,3739.914007
-400.0,400,3740.371178
-400.0,400,3740.829739
-400.0,400,3749.572889
-400.0,400,3750.030225
-400.0,400,3750.489223
-400.0,400,3750.949847
-400.0,400,3751.40882
-400.0,400,3751.86734
-400.0,400,3760.744909
-400.0,400,3761.214695
-400.0,400,3761.684061
-400.0,400,3762.157838
-400.0,400,3762.628156
-400.0,400,3803.877261
-400.0,400,3804.348113
-400.0,400,3804.817788
-400.0,400,3805.286026
-400.0,400,3805.755214
-400.0,400,3814.622949
-400.0,400,3815.092299
-400.0,400,3815.560614
-400.0,400,3816.028142
-400.0,400,3816.496834
-400.0,400,3825.329424
-400.0,400,3825.797157
-400.0,400,3826.26722
-400.0,400,3826.736227
-400.0,400,3827.206129
-400.0,400,3836.077821
-400.0,400,3836.545231
-400.0,400,3837.014842
-400.0,400,3837.484244
-400.0,400,3837.953674
-400.0,400,3846.87597
-400.0,400,3847.35013
-400.0,400,3847.82582
-400.0,400,3848.30153
-400.0,400,3848.776326
-400.0,400,3857.672108
-400.0,400,3858.131216
-400.0,400,3858.59187
-400.0,400,3859.05268
-400.0,400,3859.510967
-400.0,400,3868.251973
-400.0,400,3868.712649
-400.0,400,3869.174046
-400.0,400,3869.634614
-400.0,400,3870.094218
-400.0,400,3878.957741
-400.0,400,3879.428274
-400.0,400,3879.896549
-400.0,400,3880.365682
-400.0,400,3880.834157
-400.0,400,3881.302852
-400.0,400,3890.075222
-400.0,400,3890.533993
-400.0,400,3890.994911
-400.0,400,3891.455679
-400.0,400,3891.921675
-400.0,400,3900.701477
-400.0,400,3901.162314
-400.0,400,3901.620505
-400.0,400,3902.082826
-400.0,400,3902.54541
-400.0,400,3911.296232
-400.0,400,3911.755113
-400.0,400,3912.212699
-400.0,400,3912.671312
-400.0,400,3913.130464
-400.0,400,3921.836237
-400.0,400,3922.29655
-400.0,400,3922.755658
-400.0,400,3923.214067
-400.0,400,3923.673059
-400.0,400,3932.417035
-400.0,400,3932.87467
-400.0,400,3933.335695
-400.0,400,3933.792535
-400.0,400,3934.251974
-400.0,400,3943.031617
-400.0,400,3943.491335
-400.0,400,3943.952606
-400.0,400,3944.413711
-400.0,400,3944.872931
-400.0,400,3953.779406
-400.0,400,3954.254528
-400.0,400,3954.731025
-400.0,400,3955.208943
-400.0,400,3955.684377
-400.0,400,3964.608193
-400.0,400,3965.075295
-400.0,400,3965.544024
-400.0,400,3966.012977
-400.0,400,3966.480062
-400.0,400,3966.948874
-400.0,400,3975.748696
-400.0,400,3976.207496
-400.0,400,3976.666231
-400.0,400,3977.12322
-400.0,400,3977.592636
-400.0,400,3986.350931
-400.0,400,3986.809626
-400.0,400,3987.269925
-400.0,400,3987.730618
-400.0,400,3988.189538
-400.0,400,3997.107181
-400.0,400,3997.58481
-400.0,400,3998.065938
-400.0,400,3998.546113
-400.0,400,3999.023593
-400.0,400,4008.092268
-400.0,400,4008.570352
-400.0,400,4009.049811
-400.0,400,4009.529857
-400.0,400,4010.009534
-400.0,400,4018.937034
-400.0,400,4019.404224
-400.0,400,4019.875038
-400.0,400,4020.342781
-400.0,400,4020.812119
-400.0,400,4029.620929
-400.0,400,4030.080405
-400.0,400,4030.540329
-400.0,400,4031.000544
-400.0,400,4031.458781
-400.0,400,4040.189594
-400.0,400,4040.648852
-400.0,400,4041.106536
-400.0,400,4041.567439
-400.0,400,4042.025111
-400.0,400,4050.997275
-400.0,400,4051.476529
-400.0,400,4051.955779
-400.0,400,4052.434994
-400.0,400,4052.91218
-400.0,400,4053.391235
-400.0,400,4062.125828
-400.0,400,4062.583128
-400.0,400,4063.042352
-400.0,400,4063.501089
-400.0,400,4063.958227
-400.0,400,4104.610759
-400.0,400,4105.069551
-400.0,400,4105.528009
-400.0,400,4105.98513
-400.0,400,4106.443774
-400.0,400,4115.153528
-400.0,400,4115.612284
-400.0,400,4116.074236
-400.0,400,4116.533175
-400.0,400,4116.993768
-400.0,400,4125.83568
-400.0,400,4126.29307
-400.0,400,4126.752071
-400.0,400,4127.211279
-400.0,400,4127.672707
-400.0,400,4136.451182
-400.0,400,4136.911811
-400.0,400,4137.372502
-400.0,400,4137.833226
-400.0,400,4138.29213
-400.0,400,4146.787427
-400.0,400,4147.247186
-400.0,400,4147.707206
-400.0,400,4148.167203
-400.0,400,4148.626971
-400.0,400,4157.505667
-400.0,400,4157.974305
-400.0,400,4158.442482
-400.0,400,4158.908921
-400.0,400,4159.379069
-400.0,400,4168.311288
-400.0,400,4168.780167
-400.0,400,4169.24889
-400.0,400,4169.715832
-400.0,400,4170.186514
-400.0,400,4178.918062
-400.0,400,4179.377739
-400.0,400,4179.841418
-400.0,400,4180.300239
-400.0,400,4180.760377
-400.0,400,4181.220599
-400.0,400,4190.118302
-400.0,400,4190.58691
-400.0,400,4191.056723
-400.0,400,4191.525714
-400.0,400,4192.000346
-400.0,400,4200.78317
-400.0,400,4201.244319
-400.0,400,4201.704187
-400.0,400,4202.162447
-400.0,400,4202.622537
-400.0,400,4211.393877
-400.0,400,4211.852779
-400.0,400,4212.315259
-400.0,400,4212.774585
-400.0,400,4213.235515
-400.0,400,4221.988125
-400.0,400,4222.44448
-400.0,400,4222.902484
-400.0,400,4223.36102
-400.0,400,4223.817838
-400.0,400,4232.721261
-400.0,400,4233.195277
-400.0,400,4233.670598
-400.0,400,4234.146385
-400.0,400,4234.620239
-400.0,400,4243.553069
-400.0,400,4244.021359
-400.0,400,4244.490808
-400.0,400,4244.959261
-400.0,400,4245.426328
-400.0,400,4254.181374
-400.0,400,4254.641941
-400.0,400,4255.100708
-400.0,400,4255.563984
-400.0,400,4256.022799
-400.0,400,4264.89223
-400.0,400,4265.360815
-400.0,400,4265.828159
-400.0,400,4266.296824
-400.0,400,4266.765337
-400.0,400,4267.234308
-400.0,400,4276.081149
-400.0,400,4276.538757
-400.0,400,4276.998356
-400.0,400,4277.457412
-400.0,400,4277.914912
-400.0,400,4286.65573
-400.0,400,4287.116182
-400.0,400,4287.574716
-400.0,400,4288.036168
-400.0,400,4288.494442
-400.0,400,4297.224589
-400.0,400,4297.684782
-400.0,400,4298.144406
-400.0,400,4298.604152
-400.0,400,4299.062676
-400.0,400,4307.787381
-400.0,400,4308.246249
-400.0,400,4308.705477
-400.0,400,4309.162593
-400.0,400,4309.621357
-400.0,400,4318.418252
-400.0,400,4318.886721
-400.0,400,4319.35561
-400.0,400,4319.822639
-400.0,400,4320.291847
-400.0,400,4329.064645
-400.0,400,4329.523259
-400.0,400,4329.98561
-400.0,400,4330.445546
-400.0,400,4330.903834
-400.0,400,4339.717603
-400.0,400,4340.186864
-400.0,400,4340.655992
-400.0,400,4341.124931
-400.0,400,4341.592418
-400.0,400,4350.542092
-400.0,400,4351.01063
-400.0,400,4351.479281
-400.0,400,4351.948191
-400.0,400,4352.415081
-400.0,400,4352.884383
-400.0,400,4361.700077
-400.0,400,4362.157271
-400.0,400,4362.617688
-400.0,400,4363.074973
-400.0,400,4363.533753
-400.0,400,4405.66913
-400.0,400,4406.146513
-400.0,400,4406.621389
-400.0,400,4407.103204
-400.0,400,4407.578013
-400.0,400,4416.302006
-400.0,400,4416.760628
-400.0,400,4417.217515
-400.0,400,4417.675794
-400.0,400,4418.134341
-400.0,400,4426.998142
-400.0,400,4427.478148
-400.0,400,4427.954178
-400.0,400,4428.430278
-400.0,400,4428.906276
-400.0,400,4437.680635
-400.0,400,4438.140979
-400.0,400,4438.600698
-400.0,400,4439.05904
-400.0,400,4439.518691
-400.0,400,4448.258666
-400.0,400,4448.717788
-400.0,400,4449.180294
-400.0,400,4449.639502
-400.0,400,4450.100724
-400.0,400,4458.843963
-400.0,400,4459.303791
-400.0,400,4459.765079
-400.0,400,4460.22642
-400.0,400,4460.686106
-400.0,400,4469.507439
-400.0,400,4469.966603
-400.0,400,4470.426463
-400.0,400,4470.886155
-400.0,400,4471.342758
-400.0,400,4480.06429
-400.0,400,4480.525904
-400.0,400,4480.985326
-400.0,400,4481.44576
-400.0,400,4481.906967
-400.0,400,4482.365869
-400.0,400,4491.184119
-400.0,400,4491.657124
-400.0,400,4492.127331
-400.0,400,4492.595524
-400.0,400,4493.062857
-400.0,400,4501.765873
-400.0,400,4502.22794
-400.0,400,4502.686637
-400.0,400,4503.145162
-400.0,400,4503.603765
-400.0,400,4512.290399
-400.0,400,4512.750789
-400.0,400,4513.210544
-400.0,400,4513.668152
-400.0,400,4514.12848
-400.0,400,4522.821587
-400.0,400,4523.279286
-400.0,400,4523.740181
-400.0,400,4524.197516
-400.0,400,4524.65676
-400.0,400,4533.467012
-400.0,400,4533.93548
-400.0,400,4534.408438
-400.0,400,4534.880033
-400.0,400,4535.349096
-400.0,400,4544.135286
-400.0,400,4544.594163
-400.0,400,4545.053696
-400.0,400,4545.512494
-400.0,400,4545.970946
-400.0,400,4554.726968
-400.0,400,4555.18662
-400.0,400,4555.644897
-400.0,400,4556.103778
-400.0,400,4556.562173
-400.0,400,4565.384519
-400.0,400,4565.854994
-400.0,400,4566.322611
-400.0,400,4566.792425
-400.0,400,4567.261751
-400.0,400,4567.729807
-400.0,400,4576.63061
-400.0,400,4577.098732
-400.0,400,4577.567772
-400.0,400,4578.038201
-400.0,400,4578.505855
-400.0,400,4587.323882
-400.0,400,4587.793342
-400.0,400,4588.263163
-400.0,400,4588.731856
-400.0,400,4589.199004
-400.0,400,4598.084316
-400.0,400,4598.555163
-400.0,400,4599.029119
-400.0,400,4599.502429
-400.0,400,4599.972223
-400.0,400,4608.785672
-400.0,400,4609.245424
-400.0,400,4609.702172
-400.0,400,4610.16094
-400.0,400,4610.619227
-400.0,400,4619.348042
-400.0,400,4619.808473
-400.0,400,4620.268012
-400.0,400,4620.727662
-400.0,400,4621.187023
-400.0,400,4629.952076
-400.0,400,4630.411003
-400.0,400,4630.870709
-400.0,400,4631.328159
-400.0,400,4631.787528
-400.0,400,4640.653573
-400.0,400,4641.121235
-400.0,400,4641.592635
-400.0,400,4642.060763
-400.0,400,4642.529889
-400.0,400,4651.389607
-400.0,400,4651.856245
-400.0,400,4652.324718
-400.0,400,4652.793462
-400.0,400,4653.262127
-400.0,400,4653.730777
-400.0,400,4662.490105
-400.0,400,4662.95353
-400.0,400,4663.414139
-400.0,400,4663.874846
-400.0,400,4664.334891
-400.0,400,4705.901209
-400.0,400,4706.370283
-400.0,400,4706.839445
-400.0,400,4707.308994
-400.0,400,4707.777497
-400.0,400,4716.479668
-400.0,400,4716.938926
-400.0,400,4717.397856
-400.0,400,4717.855696
-400.0,400,4718.314387
-400.0,400,4727.088774
-400.0,400,4727.553287
-400.0,400,4728.012761
-400.0,400,4728.471622
-400.0,400,4728.93148
-400.0,400,4737.75227
-400.0,400,4738.210899
-400.0,400,4738.670587
-400.0,400,4739.130624
-400.0,400,4739.588563
-400.0,400,4748.551077
-400.0,400,4749.028057
-400.0,400,4749.504153
-400.0,400,4749.981675
-400.0,400,4750.455613
-400.0,400,4759.233688
-400.0,400,4759.693011
-400.0,400,4760.151344
-400.0,400,4760.611473
-400.0,400,4761.068817
-400.0,400,4769.857911
-400.0,400,4770.32826
-400.0,400,4770.796125
-400.0,400,4771.266165
-400.0,400,4771.735848
-400.0,400,4780.76104
-400.0,400,4781.242612
-400.0,400,4781.726022
-400.0,400,4782.206082
-400.0,400,4782.685112
-400.0,400,4783.165146
-400.0,400,4792.070093
-400.0,400,4792.537422
-400.0,400,4793.0076
-400.0,400,4793.47689
-400.0,400,4793.946565
-400.0,400,4802.738856
-400.0,400,4803.197956
-400.0,400,4803.657335
-400.0,400,4804.116789
-400.0,400,4804.574495
-400.0,400,4813.456149
-400.0,400,4813.927069
-400.0,400,4814.395941
-400.0,400,4814.865016
-400.0,400,4815.33305
-400.0,400,4824.187251
-400.0,400,4824.656347
-400.0,400,4825.125977
-400.0,400,4825.594737
-400.0,400,4826.062958
-400.0,400,4834.951011
-400.0,400,4835.420547
-400.0,400,4835.888432
-400.0,400,4836.36006
-400.0,400,4836.827474
-400.0,400,4845.707342
-400.0,400,4846.177792
-400.0,400,4846.646085
-400.0,400,4847.116185
-400.0,400,4847.589366
-400.0,400,4856.547484
-400.0,400,4857.016557
-400.0,400,4857.483249
-400.0,400,4857.952204
-400.0,400,4858.421347
-400.0,400,4867.12722
-400.0,400,4867.586036
-400.0,400,4868.045894
-400.0,400,4868.504603
-400.0,400,4868.963327
-400.0,400,4869.420737
-400.0,400,4878.328602
-400.0,400,4878.803566
-400.0,400,4879.280031
-400.0,400,4879.755595
-400.0,400,4880.229971
-400.0,400,4889.194026
-400.0,400,4889.670011
-400.0,400,4890.16534
-400.0,400,4890.640764
-400.0,400,4891.116267
-400.0,400,4899.996535
-400.0,400,4900.45699
-400.0,400,4900.915796
-400.0,400,4901.375232
-400.0,400,4901.836852
-400.0,400,4910.570173
-400.0,400,4911.031334
-400.0,400,4911.490542
-400.0,400,4911.951778
-400.0,400,4912.412916
-400.0,400,4921.335032
-400.0,400,4921.810294
-400.0,400,4922.284799
-400.0,400,4922.760162
-400.0,400,4923.236768
-400.0,400,4932.104895
-400.0,400,4932.565078
-400.0,400,4933.021918
-400.0,400,4933.480315
-400.0,400,4933.939143
-400.0,400,4942.769568
-400.0,400,4943.238986
-400.0,400,4943.708166
-400.0,400,4944.177317
-400.0,400,4944.646445
-400.0,400,4953.594065
-400.0,400,4954.063555
-400.0,400,4954.532415
-400.0,400,4955.002107
-400.0,400,4955.471163
-400.0,400,4955.938645
-400.0,400,4964.72139
-400.0,400,4965.182639
-400.0,400,4965.641045
-400.0,400,4966.10187
-400.0,400,4966.562159
-400.0,400,5006.065674
-400.0,400,5006.523012
-400.0,400,5006.981388
-400.0,400,5007.440348
-400.0,400,5007.898863
-400.0,400,5016.677188
-400.0,400,5017.139332
-400.0,400,5017.600461
-400.0,400,5018.062176
-400.0,400,5018.522006
-400.0,400,5027.269812
-400.0,400,5027.733984
-400.0,400,5028.193341
-400.0,400,5028.653725
-400.0,400,5029.113827
-400.0,400,5038.001115
-400.0,400,5038.477436
-400.0,400,5038.951406
-400.0,400,5039.428013
-400.0,400,5039.903806
-400.0,400,5048.825663
-400.0,400,5049.295789
-400.0,400,5049.763956
-400.0,400,5050.234432
-400.0,400,5050.70363
-400.0,400,5059.952398
-400.0,400,5060.413735
-400.0,400,5060.8749
-400.0,400,5061.336908
-400.0,400,5061.801285
-400.0,400,5070.775932
-400.0,400,5071.255422
-400.0,400,5071.734358
-400.0,400,5072.213712
-400.0,400,5072.691041
-400.0,400,5081.505902
-400.0,400,5081.966299
-400.0,400,5082.423975
-400.0,400,5082.884982
-400.0,400,5083.342734
-400.0,400,5083.801775
-400.0,400,5092.702303
-400.0,400,5093.178055
-400.0,400,5093.654886
-400.0,400,5094.131527
-400.0,400,5094.607614
-400.0,400,5103.403492
-400.0,400,5103.860754
-400.0,400,5104.323731
-400.0,400,5104.782579
-400.0,400,5105.239955
-400.0,400,5114.011251
-400.0,400,5114.472544
-400.0,400,5114.934426
-400.0,400,5115.39545
-400.0,400,5115.854889
-400.0,400,5124.711642
-400.0,400,5125.181577
-400.0,400,5125.649488
-400.0,400,5126.118714
-400.0,400,5126.588257
-400.0,400,5135.595876
-400.0,400,5136.075881
-400.0,400,5136.55566
-400.0,400,5137.035559
-400.0,400,5137.51428
-400.0,400,5146.340938
-400.0,400,5146.799777
-400.0,400,5147.257119
-400.0,400,5147.719572
-400.0,400,5148.178645
-400.0,400,5156.946176
-400.0,400,5157.408978
-400.0,400,5157.86817
-400.0,400,5158.329689
-400.0,400,5158.790221
-400.0,400,5167.750925
-400.0,400,5168.221637
-400.0,400,5168.689094
-400.0,400,5169.157937
-400.0,400,5169.626932
-400.0,400,5170.095208
-400.0,400,5178.843358
-400.0,400,5179.30344
-400.0,400,5179.761266
-400.0,400,5180.221021
-400.0,400,5180.681119
-400.0,400,5189.557327
-400.0,400,5190.041226
-400.0,400,5190.52132
-400.0,400,5190.990529
-400.0,400,5191.459747
-400.0,400,5200.432902
-400.0,400,5200.909374
-400.0,400,5201.384387
-400.0,400,5201.859748
-400.0,400,5202.336119
-400.0,400,5211.345361
-400.0,400,5211.821665
-400.0,400,5212.297614
-400.0,400,5212.778126
-400.0,400,5213.253683
-400.0,400,5222.236069
-400.0,400,5222.712172
-400.0,400,5223.189045
-400.0,400,5223.664673
-400.0,400,5224.13878
-400.0,400,5233.024436
-400.0,400,5233.486656
-400.0,400,5233.945747
-400.0,400,5234.407959
-400.0,400,5234.867465
-400.0,400,5243.618912
-400.0,400,5244.079933
-400.0,400,5244.538968
-400.0,400,5244.999449
-400.0,400,5245.459598
-400.0,400,5254.224013
-400.0,400,5254.68614
-400.0,400,5255.147583
-400.0,400,5255.609098
-400.0,400,5256.07038
-400.0,400,5256.529887
-400.0,400,5265.263546
-400.0,400,5265.724486
-400.0,400,5266.183871
-400.0,400,5266.644728
-400.0,400,5267.105823
-400.0,400,5307.118518
-400.0,400,5307.57912
-400.0,400,5308.041294
-400.0,400,5308.500467
-400.0,400,5308.962773
-400.0,400,5317.720232
-400.0,400,5318.181568
-400.0,400,5318.642836
-400.0,400,5319.102324
-400.0,400,5319.562943
-400.0,400,5328.540619
-400.0,400,5329.016956
-400.0,400,5329.492868
-400.0,400,5329.967674
-400.0,400,5330.443532
-400.0,400,5339.286087
-400.0,400,5339.743561
-400.0,400,5340.205121
-400.0,400,5340.662948
-400.0,400,5341.122632
-400.0,400,5349.863515
-400.0,400,5350.32311
-400.0,400,5350.784397
-400.0,400,5351.24552
-400.0,400,5351.705132
-400.0,400,5360.623308
-400.0,400,5361.099068
-400.0,400,5361.574283
-400.0,400,5362.05043
-400.0,400,5362.523706
-400.0,400,5371.248398
-400.0,400,5371.707827
-400.0,400,5372.16609
-400.0,400,5372.62549
-400.0,400,5373.084678
-400.0,400,5381.838401
-400.0,400,5382.306149
-400.0,400,5382.764837
-400.0,400,5383.225657
-400.0,400,5383.68577
-400.0,400,5384.144817
-400.0,400,5392.878876
-400.0,400,5393.337662
-400.0,400,5393.794709
-400.0,400,5394.254026
-400.0,400,5394.713669
-400.0,400,5403.672235
-400.0,400,5404.148792
-400.0,400,5404.623397
-400.0,400,5405.101405
-400.0,400,5405.57722
-400.0,400,5414.53838
-400.0,400,5415.014031
-400.0,400,5415.487649
-400.0,400,5415.965953
-400.0,400,5416.439665
-400.0,400,5425.206013
-400.0,400,5425.664518
-400.0,400,5426.122114
-400.0,400,5426.580739
-400.0,400,5427.039993
-400.0,400,5435.771382
-400.0,400,5436.230158
-400.0,400,5436.688938
-400.0,400,5437.146535
-400.0,400,5437.606755
-400.0,400,5446.319518
-400.0,400,5446.776712
-400.0,400,5447.23883
-400.0,400,5447.700677
-400.0,400,5448.160328
-400.0,400,5456.912912
-400.0,400,5457.370079
-400.0,400,5457.828851
-400.0,400,5458.288201
-400.0,400,5458.744949
-400.0,400,5467.603151
-400.0,400,5468.079208
-400.0,400,5468.555031
-400.0,400,5469.031006
-400.0,400,5469.504789
-400.0,400,5469.981742
-400.0,400,5478.735486
-400.0,400,5479.193994
-400.0,400,5479.653771
-400.0,400,5480.11391
-400.0,400,5480.573654
-400.0,400,5489.290527
-400.0,400,5489.757679
-400.0,400,5490.23002
-400.0,400,5490.699342
-400.0,400,5491.158575
-400.0,400,5499.93282
-400.0,400,5500.392478
-400.0,400,5500.850808
-400.0,400,5501.310648
-400.0,400,5501.774728
-400.0,400,5510.480173
-400.0,400,5510.94071
-400.0,400,5511.397898
-400.0,400,5511.856451
-400.0,400,5512.315712
-400.0,400,5521.135291
-400.0,400,5521.604744
-400.0,400,5522.074276
-400.0,400,5522.542021
-400.0,400,5523.013559
-400.0,400,5531.972267
-400.0,400,5532.447613
-400.0,400,5532.923533
-400.0,400,5533.399152
-400.0,400,5533.874371
-400.0,400,5542.861524
-400.0,400,5543.337076
-400.0,400,5543.812852
-400.0,400,5544.288516
-400.0,400,5544.764072
-400.0,400,5553.515175
-400.0,400,5553.975363
-400.0,400,5554.435148
-400.0,400,5554.893784
-400.0,400,5555.353589
-400.0,400,5555.813205
-400.0,400,5564.517875
-400.0,400,5564.977375
-400.0,400,5565.436537
-400.0,400,5565.89615
-400.0,400,5566.355428
