0.000000000000000000e+00,-1.208418430000000043e+01,-1.151694050000000047e+01,-1.978676099999999849e+01,-6.191415000000000113e+00
1.000000000000000000e+00,-1.376096150000000229e+01,-1.141485050000000001e+01,-2.422749900000000167e+01,-4.507279999999999731e+00
2.000000000000000000e+00,-1.126862810000000081e+01,-9.275164000000000186e+00,-1.966451299999999947e+01,-7.048340999999999745e+00
3.000000000000000000e+00,-1.066437460000000037e+01,-1.115696099999999902e+01,-1.834089200000000019e+01,-2.767529999999999824e+00
4.000000000000000000e+00,-8.875164000000001607e+00,-9.186923499999998910e+00,-1.688922600000000074e+01,-1.267945000000000100e+00
5.000000000000000000e+00,-9.434302400000001754e+00,-7.690870499999999943e+00,-1.540761999999999965e+01,-5.241919000000000217e+00
6.000000000000000000e+00,-1.195040539999999929e+01,-1.175001600000000046e+01,-2.642351499999999831e+01,-3.335933999999999955e+00
7.000000000000000000e+00,-1.165897689999999898e+01,-1.135196099999999930e+01,-1.879221599999999981e+01,-4.709017000000000230e+00
8.000000000000000000e+00,-8.750112200000000229e+00,-7.277822000000000457e+00,-1.956698400000000149e+01,-2.297712999999999894e+00
9.000000000000000000e+00,-9.797273999999999816e+00,-8.791741500000000542e+00,-1.964294500000000099e+01,-2.964291999999999927e+00
1.000000000000000000e+01,-1.348587860000000127e+01,-1.148004399999999947e+01,-2.341332999999999842e+01,-6.159699999999999953e+00
1.100000000000000000e+01,-9.797332799999999509e+00,-8.060123000000000815e+00,-1.962332500000000124e+01,-2.937164999999999804e+00
1.200000000000000000e+01,-1.085980930000000022e+01,-1.084106699999999890e+01,-1.627769800000000089e+01,-6.841457000000000122e+00
1.300000000000000000e+01,-9.362033800000000738e+00,-9.805703499999999906e+00,-1.477953300000000070e+01,-4.042542000000000080e+00
1.400000000000000000e+01,-1.104812079999999774e+01,-8.287357499999998822e+00,-2.627373700000000056e+01,-2.587858999999999909e+00
1.500000000000000000e+01,-9.628737900000000849e+00,-8.059273499999999757e+00,-1.969723799999999869e+01,-3.734752999999999989e+00
1.600000000000000000e+01,-1.206962450000000153e+01,-1.093249450000000067e+01,-2.577245100000000022e+01,-2.116884999999999906e+00
1.700000000000000000e+01,-7.766638399999999720e+00,-5.818954999999999878e+00,-1.590315900000000049e+01,-4.370472999999999608e+00
1.800000000000000000e+01,-1.122725190000000239e+01,-1.135009300000000110e+01,-1.796128799999999970e+01,-6.031632000000000104e+00
1.900000000000000000e+01,-9.795183399999999097e+00,-9.470293500000000364e+00,-1.604646699999999981e+01,-4.599217999999999584e+00
2.000000000000000000e+01,-9.899255999999999389e+00,-8.477527000000000257e+00,-3.052875900000000087e+01,-2.600057000000000063e+00
2.100000000000000000e+01,-1.283512130000000084e+01,-1.208681900000000020e+01,-2.418381700000000123e+01,-4.534894000000000425e+00
2.200000000000000000e+01,-1.165608559999999905e+01,-1.076198899999999981e+01,-2.051272399999999863e+01,-5.054724000000000217e+00
2.300000000000000000e+01,-1.157921389999999917e+01,-1.077428549999999952e+01,-2.326931899999999942e+01,-4.905528000000000333e+00
2.400000000000000000e+01,-1.039491480000000045e+01,-7.865660000000000096e+00,-2.371987400000000079e+01,-4.572542999999999580e+00
2.500000000000000000e+01,-1.143200520000000076e+01,-1.030172149999999931e+01,-2.272913300000000092e+01,-5.026786999999999672e+00
2.600000000000000000e+01,-9.100166000000001532e+00,-9.630933000000000632e+00,-1.484878999999999927e+01,-3.645087999999999884e+00
2.700000000000000000e+01,-9.376838799999999807e+00,-9.772499500000000339e+00,-1.369644899999999943e+01,-3.703466000000000147e+00
2.800000000000000000e+01,-1.288015719999999931e+01,-1.103968899999999920e+01,-2.485598600000000147e+01,-3.633134999999999781e+00
2.900000000000000000e+01,-1.050883660000000042e+01,-8.570515000000000327e+00,-1.794271000000000171e+01,-6.436799999999999855e+00
3.000000000000000000e+01,-1.322275780000000012e+01,-1.345074100000000072e+01,-2.194464699999999979e+01,-4.756081000000000003e+00
3.100000000000000000e+01,-9.527464500000000669e+00,-9.506803500000000184e+00,-1.600280100000000161e+01,-4.017762000000000278e+00
3.200000000000000000e+01,-9.946968299999998209e+00,-9.570939499999999711e+00,-2.071156500000000023e+01,-3.924541000000000057e+00
3.300000000000000000e+01,-1.013655939999999944e+01,-1.031068700000000149e+01,-2.139016900000000021e+01,-3.009981999999999935e+00
3.400000000000000000e+01,-1.111267570000000049e+01,-1.094849600000000045e+01,-2.258298999999999879e+01,-4.796969999999999956e+00
3.500000000000000000e+01,-9.161452600000000501e+00,-9.631261499999999032e+00,-1.433728699999999989e+01,-3.893728999999999996e+00
3.600000000000000000e+01,-1.251231959999999965e+01,-1.281664050000000010e+01,-2.068528900000000093e+01,-3.797574000000000005e+00
3.700000000000000000e+01,-8.344793999999998491e+00,-7.819673999999999126e+00,-2.272260999999999953e+01,-2.491902000000000061e+00
3.800000000000000000e+01,-1.204932340000000046e+01,-1.090542500000000103e+01,-2.042566800000000171e+01,-5.152911999999999715e+00
3.900000000000000000e+01,-1.200448230000000116e+01,-1.080344299999999969e+01,-2.502957899999999825e+01,-2.995600000000000041e+00
4.000000000000000000e+01,-1.042176849999999888e+01,-8.980327499999999574e+00,-1.893486700000000056e+01,-3.678835999999999995e+00
4.100000000000000000e+01,-1.029480429999999913e+01,-9.497399999999998954e+00,-2.077796800000000133e+01,-3.417704000000000075e+00
4.200000000000000000e+01,-9.681101500000000470e+00,-8.729779499999999359e+00,-2.401920300000000097e+01,-3.494358000000000075e+00
4.300000000000000000e+01,-1.072021319999999989e+01,-1.089611599999999925e+01,-2.185737500000000111e+01,-3.054473999999999911e+00
4.400000000000000000e+01,-8.303436700000000670e+00,-6.927075500000000829e+00,-1.640343299999999971e+01,-2.952433999999999781e+00
4.500000000000000000e+01,-9.314392800000000250e+00,-9.553772999999999627e+00,-1.706228499999999926e+01,-3.865746999999999822e+00
4.600000000000000000e+01,-1.157798990000000039e+01,-9.208454500000000209e+00,-2.414926300000000126e+01,-4.678435999999999595e+00
4.700000000000000000e+01,-1.339751700000000234e+01,-1.246361350000000101e+01,-2.547635700000000014e+01,-3.008014000000000188e+00
4.800000000000000000e+01,-1.142669179999999862e+01,-9.436759500000000855e+00,-2.386107000000000156e+01,-4.718421000000000198e+00
4.900000000000000000e+01,-1.003032820000000136e+01,-9.613268500000000216e+00,-2.264945300000000117e+01,-2.817763999999999935e+00
5.000000000000000000e+01,-1.180922200000000011e+01,-1.186788800000000066e+01,-2.458472300000000033e+01,-3.078586000000000045e+00
5.100000000000000000e+01,-9.739762999999999948e+00,-8.361908500000000188e+00,-2.237109900000000096e+01,-4.228444999999999787e+00
5.200000000000000000e+01,-9.331435000000000812e+00,-9.276228500000000210e+00,-1.908636200000000116e+01,-2.767857999999999929e+00
5.300000000000000000e+01,-9.704995799999998951e+00,-7.811059500000000710e+00,-1.738205800000000067e+01,-4.893457999999999863e+00
5.400000000000000000e+01,-8.866392900000001021e+00,-8.137612000000000734e+00,-2.269244700000000137e+01,-1.613518999999999926e+00
5.500000000000000000e+01,-1.265314889999999970e+01,-8.830118999999999829e+00,-2.908734499999999912e+01,-3.093195000000000139e+00
5.600000000000000000e+01,-9.024640599999999679e+00,-6.866146000000000527e+00,-2.265964100000000059e+01,-3.200415000000000010e+00
5.700000000000000000e+01,-1.014295339999999968e+01,-7.965562499999999879e+00,-1.826139799999999980e+01,-4.015011000000000330e+00
5.800000000000000000e+01,-8.485829400000000078e+00,-5.979547000000000168e+00,-2.263994500000000087e+01,-2.111599000000000004e+00
5.900000000000000000e+01,-1.067398280000000099e+01,-1.129135250000000035e+01,-2.042870299999999872e+01,-4.621334000000000053e+00
6.000000000000000000e+01,-1.329580720000000227e+01,-1.058643849999999986e+01,-2.754227399999999903e+01,-5.186596999999999902e+00
6.100000000000000000e+01,-6.737373100000001003e+00,-6.456568499999999489e+00,-1.036668200000000084e+01,-4.326683000000000057e+00
6.200000000000000000e+01,-1.108294179999999862e+01,-8.514718000000000231e+00,-2.408041000000000054e+01,-2.790601000000000109e+00
6.300000000000000000e+01,-7.700688699999998832e+00,-8.055882000000000431e+00,-1.362076500000000046e+01,-2.751028999999999947e+00
6.400000000000000000e+01,-1.370281890000000224e+01,-1.401667199999999980e+01,-2.370042000000000115e+01,-4.539864999999999817e+00
6.500000000000000000e+01,-1.134526930000000000e+01,-8.292097999999999303e+00,-2.408104799999999912e+01,-4.079566999999999943e+00
6.600000000000000000e+01,-7.888776600000001693e+00,-6.278597500000000053e+00,-2.055368299999999948e+01,-1.477446000000000037e+00
6.700000000000000000e+01,-1.060208379999999906e+01,-8.251754500000000547e+00,-2.088599999999999923e+01,-3.128324999999999800e+00
6.800000000000000000e+01,-9.424044200000000870e+00,-7.610313999999999801e+00,-2.051714000000000127e+01,-3.527747999999999884e+00
6.900000000000000000e+01,-7.116596600000001160e+00,-6.833078500000000055e+00,-1.162642499999999934e+01,-2.500427999999999873e+00
7.000000000000000000e+01,-1.149020200000000003e+01,-7.461997499999999839e+00,-2.880662200000000084e+01,-4.357236000000000331e+00
7.100000000000000000e+01,-8.482849500000000376e+00,-9.064422000000000423e+00,-1.542127900000000018e+01,-2.998238999999999876e+00
7.200000000000000000e+01,-7.114638399999999585e+00,-5.041097999999999857e+00,-1.597737799999999986e+01,-3.027034000000000002e+00
7.300000000000000000e+01,-8.712930000000000064e+00,-6.923985499999999682e+00,-1.894906699999999944e+01,-1.750159999999999938e+00
7.400000000000000000e+01,-7.350828900000000665e+00,-4.633601000000000525e+00,-1.689696700000000007e+01,-1.727133999999999947e+00
7.500000000000000000e+01,-1.005460650000000022e+01,-7.896350500000000494e+00,-2.843854999999999933e+01,-2.867766000000000037e+00
7.600000000000000000e+01,-1.038990659999999977e+01,-6.667367500000000113e+00,-2.577222300000000033e+01,-3.077310000000000212e+00
7.700000000000000000e+01,-1.095779090000000089e+01,-1.054684449999999885e+01,-2.253067300000000017e+01,-2.332507000000000108e+00
7.800000000000000000e+01,-7.470986499999999531e+00,-6.649338499999999819e+00,-1.510159600000000069e+01,-1.317695999999999978e+00
7.900000000000000000e+01,-9.620010500000001130e+00,-7.469900499999999610e+00,-2.065447400000000044e+01,-2.640312999999999910e+00
8.000000000000000000e+01,-8.126241799999998960e+00,-7.358291499999999985e+00,-1.764777300000000082e+01,-3.261108999999999813e+00
8.100000000000000000e+01,-9.408812400000000409e+00,-6.843895999999999979e+00,-2.534914900000000060e+01,-2.362439000000000178e+00
8.200000000000000000e+01,-7.835029300000000418e+00,-4.583599500000000049e+00,-2.312568399999999968e+01,-2.790916000000000174e+00
8.300000000000000000e+01,-1.225542989999999932e+01,-9.849847000000000463e+00,-2.245902600000000149e+01,-3.568912999999999780e+00
8.400000000000000000e+01,-1.344022620000000146e+01,-1.421899600000000063e+01,-2.818693499999999830e+01,-4.298373999999999917e+00
8.500000000000000000e+01,-1.267678880000000063e+01,-1.201377850000000080e+01,-2.540745099999999823e+01,-5.717054000000000080e+00
8.600000000000000000e+01,-1.470774270000000072e+01,-1.544768900000000045e+01,-2.456280999999999892e+01,-3.691714999999999858e+00
8.700000000000000000e+01,-1.382717569999999796e+01,-1.297882049999999943e+01,-3.356475999999999971e+01,-4.304810999999999943e+00
8.800000000000000000e+01,-8.042587799999999731e+00,-6.030740500000000281e+00,-2.193403599999999898e+01,-1.914762999999999993e+00
8.900000000000000000e+01,-9.411345299999998915e+00,-6.558418500000000151e+00,-2.248892999999999986e+01,-3.274230999999999892e+00
9.000000000000000000e+01,-8.143402399999999375e+00,-7.457329500000000166e+00,-1.582829899999999945e+01,-2.235307999999999851e+00
9.100000000000000000e+01,-8.463312399999999514e+00,-7.141853499999999855e+00,-2.486073599999999928e+01,-2.626076999999999995e+00
9.200000000000000000e+01,-7.069272999999999918e+00,-6.995301500000000061e+00,-2.175940999999999903e+01,-1.748366000000000087e+00
9.300000000000000000e+01,-1.096239180000000069e+01,-7.462157499999999999e+00,-2.396824200000000005e+01,-3.314306000000000196e+00
9.400000000000000000e+01,-5.417294000000000054e+00,-5.129536500000000387e+00,-1.165186199999999950e+01,-2.877743000000000162e+00
9.500000000000000000e+01,-1.118399549999999998e+01,-1.080081350000000029e+01,-2.442243799999999965e+01,-3.657969000000000026e+00
9.600000000000000000e+01,-9.450463700000002021e+00,-8.598870999999999043e+00,-1.777262500000000145e+01,-3.102691999999999783e+00
9.700000000000000000e+01,-1.527706509999999795e+01,-1.456576249999999995e+01,-2.538022300000000087e+01,-6.722709000000000046e+00
9.800000000000000000e+01,-8.790500100000000927e+00,-7.645434500000000355e+00,-1.996067000000000036e+01,-2.747173999999999783e+00
9.900000000000000000e+01,-1.097091949999999905e+01,-9.012730499999999978e+00,-2.093113299999999910e+01,-3.283358000000000221e+00
1.000000000000000000e+02,-1.046355789999999786e+01,-8.538884499999999989e+00,-2.413736600000000010e+01,-1.728318000000000021e+00
1.010000000000000000e+02,-9.227766499999997762e+00,-9.497005500000000211e+00,-1.418265700000000074e+01,-4.433733000000000146e+00
1.020000000000000000e+02,-7.131051900000000110e+00,-6.996117500000000433e+00,-1.428843900000000033e+01,-2.758267000000000024e+00
1.030000000000000000e+02,-9.357155399999999901e+00,-9.656810499999998854e+00,-2.552585300000000146e+01,-1.972156999999999938e+00
1.040000000000000000e+02,-8.539910400000000124e+00,-4.497403499999999887e+00,-2.310947699999999827e+01,-1.970445999999999920e+00
1.050000000000000000e+02,-8.158535499999999274e+00,-5.947856500000000324e+00,-2.183035599999999832e+01,-2.816679000000000155e+00
1.060000000000000000e+02,-9.740672999999999249e+00,-7.713675000000000281e+00,-2.362972399999999951e+01,-1.617833999999999994e+00
1.070000000000000000e+02,-8.267566900000000274e+00,-4.644125499999999462e+00,-2.612456500000000048e+01,-2.499207999999999874e+00
1.080000000000000000e+02,-6.819860199999999040e+00,-5.580114000000000019e+00,-1.746912499999999824e+01,-2.355836000000000041e+00
1.090000000000000000e+02,-1.298433550000000025e+01,-1.479564200000000085e+01,-2.165473199999999920e+01,-3.269763000000000197e+00
1.100000000000000000e+02,-9.852452100000002488e+00,-8.697021499999999961e+00,-2.127981600000000029e+01,-2.344716000000000022e+00
1.110000000000000000e+02,-1.018043889999999863e+01,-9.036454500000001389e+00,-1.910408699999999982e+01,-5.392865999999999715e+00
1.120000000000000000e+02,-8.608332499999999499e+00,-6.712417499999999926e+00,-1.711125300000000138e+01,-2.809253000000000000e+00
1.130000000000000000e+02,-8.974159000000000219e+00,-8.900085000000000690e+00,-1.620970900000000015e+01,-3.055216000000000154e+00
1.140000000000000000e+02,-1.042591720000000066e+01,-5.262947999999999737e+00,-3.537611299999999659e+01,-2.285677000000000181e+00
1.150000000000000000e+02,-1.108160400000000045e+01,-9.303513499999999325e+00,-2.559033700000000167e+01,-2.015298000000000034e+00
1.160000000000000000e+02,-1.170716849999999809e+01,-7.642025000000000290e+00,-3.930241199999999679e+01,-3.261610000000000120e+00
1.170000000000000000e+02,-9.031995800000000685e+00,-8.537189500000000209e+00,-1.728552399999999878e+01,-1.176222000000000101e+00
1.180000000000000000e+02,-8.620281500000000818e+00,-4.167290500000000009e+00,-2.361619500000000116e+01,-2.320254999999999956e+00
1.190000000000000000e+02,-9.539649799999999402e+00,-6.419967999999999897e+00,-2.482475499999999968e+01,-1.892725999999999908e+00
1.200000000000000000e+02,-9.050845599999998825e+00,-8.646096000000000004e+00,-1.722388700000000128e+01,-2.106059000000000125e+00
1.210000000000000000e+02,-8.283801399999999759e+00,-6.104276999999999731e+00,-2.417235300000000109e+01,-2.346302999999999805e+00
1.220000000000000000e+02,-8.764875200000000532e+00,-6.883452000000000126e+00,-1.841570300000000060e+01,-2.361797999999999842e+00
1.230000000000000000e+02,-1.220284499999999994e+01,-1.028915399999999991e+01,-2.323014500000000027e+01,-2.109046000000000198e+00
1.240000000000000000e+02,-1.006402470000000093e+01,-8.091778500000000207e+00,-2.485810000000000031e+01,-2.050676000000000165e+00
1.250000000000000000e+02,-1.026820710000000147e+01,-1.038419700000000034e+01,-1.708347699999999847e+01,-4.152980000000000338e+00
1.260000000000000000e+02,-9.807355300000001108e+00,-7.836037499999999767e+00,-2.723691900000000032e+01,-2.925971999999999795e+00
1.270000000000000000e+02,-1.189275600000000033e+01,-1.188288649999999969e+01,-2.248558200000000085e+01,-2.260391999999999957e+00
1.280000000000000000e+02,-1.073047360000000161e+01,-1.096724599999999938e+01,-2.140441300000000169e+01,-2.344460999999999906e+00
1.290000000000000000e+02,-8.546737600000000157e+00,-1.059292149999999921e+01,-1.457566500000000076e+01,-1.687761000000000067e+00
1.300000000000000000e+02,-1.211541970000000035e+01,-1.131331199999999981e+01,-2.401926500000000075e+01,-2.534736000000000100e+00
1.310000000000000000e+02,-1.247430780000000006e+01,-1.100794150000000116e+01,-2.530169499999999871e+01,-2.706507000000000218e+00
1.320000000000000000e+02,-1.351127219999999873e+01,-1.224440300000000015e+01,-2.277287899999999965e+01,-5.656239000000000239e+00
1.330000000000000000e+02,-8.310701999999999146e+00,-7.435133500000000062e+00,-1.854854100000000017e+01,-1.632319000000000075e+00
1.340000000000000000e+02,-7.091392299999999871e+00,-4.400080499999999617e+00,-2.572172099999999872e+01,-1.453959999999999919e+00
1.350000000000000000e+02,-1.174403949999999952e+01,-1.143869300000000067e+01,-2.374679499999999877e+01,-3.443804999999999783e+00
1.360000000000000000e+02,-6.385316699999999734e+00,-5.260350499999999485e+00,-1.153620800000000024e+01,-3.153884999999999827e+00
1.370000000000000000e+02,-8.278081399999999590e+00,-7.924930500000000322e+00,-1.490182800000000007e+01,-2.884012999999999938e+00
1.380000000000000000e+02,-8.791418600000000083e+00,-8.781214999999999549e+00,-1.701080800000000082e+01,-1.338692999999999911e+00
1.390000000000000000e+02,-8.371745800000001125e+00,-4.756021999999999750e+00,-2.007198800000000105e+01,-2.685483000000000064e+00
1.400000000000000000e+02,-9.744909699999999120e+00,-1.028714800000000018e+01,-1.981818700000000177e+01,-3.093811000000000089e+00
1.410000000000000000e+02,-7.914662800000000331e+00,-5.040905500000000039e+00,-1.810835000000000150e+01,-1.833460000000000090e+00
1.420000000000000000e+02,-1.376967959999999813e+01,-1.430290549999999961e+01,-2.506031199999999970e+01,-3.434680000000000177e+00
1.430000000000000000e+02,-9.844570400000000276e+00,-7.618906000000000844e+00,-2.033524999999999849e+01,-2.230169000000000068e+00
1.440000000000000000e+02,-1.266613200000000106e+01,-1.186822599999999994e+01,-2.235272000000000148e+01,-3.206869000000000192e+00
1.450000000000000000e+02,-1.126987739999999860e+01,-1.067525649999999970e+01,-2.349141099999999938e+01,-2.997367999999999810e+00
1.460000000000000000e+02,-1.122321520000000206e+01,-1.157248050000000106e+01,-2.074080899999999872e+01,-3.882010999999999878e+00
1.470000000000000000e+02,-1.068780049999999981e+01,-1.005393800000000049e+01,-2.022546900000000036e+01,-3.382604999999999862e+00
1.480000000000000000e+02,-8.033254899999999310e+00,-5.377536499999999720e+00,-1.630218899999999849e+01,-2.494892000000000110e+00
1.490000000000000000e+02,-1.333982159999999872e+01,-1.360706799999999994e+01,-3.257647800000000160e+01,-2.457488999999999812e+00
1.500000000000000000e+02,-6.048318399999999428e+00,-4.292595999999999634e+00,-1.179422600000000010e+01,-2.771687000000000012e+00
1.510000000000000000e+02,-1.093029350000000122e+01,-1.075177150000000026e+01,-2.504965699999999984e+01,-2.353137999999999952e+00
1.520000000000000000e+02,-1.132314309999999935e+01,-1.252324199999999976e+01,-2.293534999999999968e+01,-3.223834000000000088e+00
1.530000000000000000e+02,-1.011968520000000105e+01,-8.430002500000000509e+00,-2.061901399999999995e+01,-2.352425999999999906e+00
1.540000000000000000e+02,-7.450382000000000282e+00,-5.974047999999999803e+00,-1.508181800000000017e+01,-2.386382999999999921e+00
1.550000000000000000e+02,-1.453409409999999902e+01,-1.643569649999999882e+01,-2.277033399999999830e+01,-4.137336000000000347e+00
1.560000000000000000e+02,-7.820925900000000652e+00,-4.247446000000000055e+00,-1.834158800000000156e+01,-2.753261999999999876e+00
1.570000000000000000e+02,-7.974288100000000767e+00,-7.351509000000000071e+00,-1.421231700000000053e+01,-1.351280000000000037e+00
1.580000000000000000e+02,-1.367400289999999963e+01,-1.321196700000000135e+01,-2.681115000000000137e+01,-3.069761000000000184e+00
1.590000000000000000e+02,-1.077405760000000257e+01,-1.116609500000000033e+01,-1.843234199999999845e+01,-4.552082000000000406e+00
1.600000000000000000e+02,-6.520602900000000091e+00,-5.381218499999999239e+00,-1.323155599999999943e+01,-2.292619000000000185e+00
1.610000000000000000e+02,-1.388680620000000054e+01,-1.063933899999999966e+01,-3.457075700000000040e+01,-2.939519999999999911e+00
1.620000000000000000e+02,-9.620469299999999890e+00,-6.832681499999999630e+00,-2.212345799999999940e+01,-1.974150999999999989e+00
1.630000000000000000e+02,-6.575634599999998997e+00,-5.491076500000000138e+00,-1.293460600000000049e+01,-2.133027999999999924e+00
1.640000000000000000e+02,-9.451089199999998414e+00,-8.865631000000000483e+00,-1.740370300000000015e+01,-3.842964999999999964e+00
1.650000000000000000e+02,-1.019434350000000045e+01,-7.851706999999999326e+00,-1.794961299999999937e+01,-2.438139000000000056e+00
1.660000000000000000e+02,-1.065712329999999852e+01,-1.071724749999999915e+01,-2.160554199999999980e+01,-2.805372000000000199e+00
1.670000000000000000e+02,-9.867705300000000790e+00,-9.630319000000000074e+00,-1.901381299999999896e+01,-2.046459000000000028e+00
1.680000000000000000e+02,-1.135986510000000038e+01,-1.056015350000000019e+01,-2.357859200000000044e+01,-2.629061000000000092e+00
1.690000000000000000e+02,-8.463233300000000625e+00,-8.304395500000000041e+00,-1.458752800000000072e+01,-2.140800000000000036e+00
1.700000000000000000e+02,-1.044596499999999928e+01,-7.451920499999999947e+00,-2.440648300000000148e+01,-2.081946999999999992e+00
1.710000000000000000e+02,-6.393006600000001427e+00,-4.042049999999999699e+00,-1.872491600000000034e+01,-1.783900999999999959e+00
1.720000000000000000e+02,-9.420565099999999248e+00,-8.579959999999999809e+00,-2.184537600000000168e+01,-2.063115999999999950e+00
1.730000000000000000e+02,-1.293999690000000058e+01,-1.285809300000000022e+01,-2.312561000000000178e+01,-2.830419000000000018e+00
1.740000000000000000e+02,-1.201044019999999968e+01,-1.477056550000000001e+01,-2.134188800000000086e+01,-2.863910000000000178e+00
1.750000000000000000e+02,-6.739947100000000191e+00,-5.450755000000000017e+00,-1.413992299999999958e+01,-1.737230000000000052e+00
1.760000000000000000e+02,-1.137219959999999830e+01,-1.205866250000000051e+01,-1.856404600000000116e+01,-3.104442000000000146e+00
1.770000000000000000e+02,-8.537035499999999999e+00,-5.708065500000000014e+00,-1.889198700000000031e+01,-2.718888000000000194e+00
1.780000000000000000e+02,-7.272237399999999852e+00,-4.461755999999999389e+00,-3.176115000000000066e+01,-2.381734999999999935e+00
1.790000000000000000e+02,-6.987622499999998738e+00,-4.396039500000000544e+00,-2.317517199999999988e+01,-2.243698999999999888e+00
1.800000000000000000e+02,-4.558158499999999336e+00,-4.667348500000000122e+00,-7.633502000000000010e+00,-1.589579999999999993e+00
1.810000000000000000e+02,-8.477023400000000208e+00,-6.257298000000000471e+00,-2.119678400000000096e+01,-2.543213000000000168e+00
1.820000000000000000e+02,-1.012635100000000143e+01,-9.765380499999999131e+00,-2.319601199999999963e+01,-2.307157000000000124e+00
1.830000000000000000e+02,-9.672746300000000019e+00,-9.047841500000000536e+00,-2.134278400000000175e+01,-2.189757999999999871e+00
1.840000000000000000e+02,-1.037613110000000027e+01,-9.332813500000000317e+00,-2.514844899999999939e+01,-1.914406000000000052e+00
1.850000000000000000e+02,-7.577402600000000987e+00,-5.084736499999999992e+00,-2.310732499999999945e+01,-8.887340000000000240e-01
1.860000000000000000e+02,-5.216622300000000045e+00,-3.227458500000000008e+00,-1.117233399999999932e+01,-1.807266000000000039e+00
1.870000000000000000e+02,-7.105109500000000189e+00,-5.678730500000000347e+00,-1.449814800000000048e+01,-1.504745999999999917e+00
1.880000000000000000e+02,-8.193015800000001292e+00,-7.964766499999999638e+00,-1.456473399999999963e+01,-3.097712000000000021e+00
1.890000000000000000e+02,-7.630864800000000336e+00,-5.869761999999999702e+00,-1.588461000000000034e+01,-2.580290999999999890e+00
1.900000000000000000e+02,-4.910186600000000290e+00,-3.223842499999999944e+00,-2.061340999999999823e+01,-2.124515000000000153e+00
1.910000000000000000e+02,-9.589817199999998820e+00,-8.094540500000000804e+00,-2.184161399999999986e+01,-2.941902999999999935e+00
1.920000000000000000e+02,-1.004320970000000202e+01,-9.585542999999999481e+00,-2.284815199999999891e+01,-1.699653000000000080e+00
1.930000000000000000e+02,-1.076365960000000044e+01,-8.898440000000000794e+00,-2.156149999999999878e+01,-1.177226000000000106e+00
1.940000000000000000e+02,-8.990589599999999848e+00,-6.460993499999999834e+00,-2.167193500000000128e+01,-2.841435999999999851e+00
1.950000000000000000e+02,-1.060119710000000026e+01,-9.333597999999998507e+00,-2.204103299999999876e+01,-2.034523000000000081e+00
1.960000000000000000e+02,-8.659790100000000379e+00,-6.050138500000000086e+00,-2.464447600000000094e+01,-2.124455999999999900e+00
1.970000000000000000e+02,-7.580641800000000430e+00,-4.719843000000000011e+00,-2.102858700000000169e+01,-2.316453000000000095e+00
1.980000000000000000e+02,-1.054701959999999872e+01,-9.902531999999999002e+00,-1.922580800000000067e+01,-2.126346999999999987e+00
1.990000000000000000e+02,-8.192643300000000295e+00,-6.080392500000000311e+00,-2.098896799999999985e+01,-3.363214000000000148e+00
2.000000000000000000e+02,-9.126999399999998985e+00,-8.306050499999999559e+00,-1.991025799999999890e+01,-1.344545000000000101e+00
2.010000000000000000e+02,-8.550607699999998701e+00,-4.880962999999999496e+00,-2.239908199999999994e+01,-2.182421999999999862e+00
2.020000000000000000e+02,-5.616855199999999826e+00,-3.711580999999999797e+00,-1.520293000000000028e+01,-1.647607000000000044e+00
2.030000000000000000e+02,-9.766194799999999177e+00,-1.025865899999999975e+01,-1.678455800000000053e+01,-3.133477000000000068e+00
2.040000000000000000e+02,-9.014923500000000089e+00,-5.362855500000000220e+00,-2.228457300000000174e+01,-1.710156000000000009e+00
2.050000000000000000e+02,-7.627731300000000658e+00,-4.558925999999999590e+00,-2.153259299999999854e+01,-1.659828000000000081e+00
2.060000000000000000e+02,-9.191894900000001201e+00,-9.580966500000000607e+00,-1.555810199999999988e+01,-3.044706999999999830e+00
2.070000000000000000e+02,-7.754566800000000981e+00,-6.787220999999999727e+00,-1.999959700000000140e+01,-1.612098000000000031e+00
2.080000000000000000e+02,-5.743325000000000458e+00,-4.309003000000000583e+00,-1.415784999999999982e+01,-1.811660000000000048e+00
2.090000000000000000e+02,-9.416898700000000844e+00,-8.536777000000000726e+00,-2.268882500000000135e+01,-2.044055000000000177e+00
2.100000000000000000e+02,-7.468707000000000207e+00,-3.604524500000000131e+00,-3.702935200000000293e+01,-1.653261000000000092e+00
2.110000000000000000e+02,-1.119923700000000011e+01,-1.136324700000000121e+01,-1.894187200000000004e+01,-3.629109000000000140e+00
2.120000000000000000e+02,-7.468791699999999700e+00,-4.256721999999999895e+00,-2.507728099999999927e+01,-1.599058000000000090e+00
2.130000000000000000e+02,-9.461980600000000408e+00,-7.708835999999999800e+00,-2.260384399999999872e+01,-3.798109000000000179e+00
2.140000000000000000e+02,-8.512220800000001475e+00,-7.608849000000000196e+00,-1.888503499999999846e+01,-2.472862000000000116e+00
2.150000000000000000e+02,-1.007190809999999992e+01,-8.592772999999999328e+00,-2.415235900000000058e+01,-2.760829999999999895e+00
2.160000000000000000e+02,-5.772164499999999698e+00,-4.723658999999999608e+00,-1.398444600000000015e+01,-2.329992999999999981e+00
2.170000000000000000e+02,-8.617194999999998828e+00,-7.657294000000000267e+00,-1.813079099999999855e+01,-1.269228000000000023e+00
2.180000000000000000e+02,-6.604944200000001153e+00,-4.597189000000000192e+00,-1.827760500000000121e+01,-3.138633000000000006e+00
2.190000000000000000e+02,-6.901527100000000026e+00,-5.103111499999999801e+00,-1.829471500000000006e+01,-1.656951000000000063e+00
2.200000000000000000e+02,-5.196305300000000571e+00,-3.804560500000000012e+00,-1.796788099999999844e+01,-1.220820999999999934e+00
2.210000000000000000e+02,-7.564015200000000050e+00,-3.661680500000000116e+00,-1.919133599999999973e+01,-1.626994000000000051e+00
2.220000000000000000e+02,-6.304068400000000238e+00,-4.435267999999999766e+00,-1.540664600000000029e+01,-2.545338000000000100e+00
2.230000000000000000e+02,-6.728482999999999770e+00,-5.809476000000000084e+00,-1.315188500000000005e+01,-1.441618000000000066e+00
2.240000000000000000e+02,-8.364373900000000361e+00,-4.228841000000000072e+00,-2.097629500000000036e+01,-1.176020000000000065e+00
2.250000000000000000e+02,-6.786600900000000713e+00,-7.192265000000000796e+00,-1.231785299999999950e+01,-1.595077999999999996e+00
2.260000000000000000e+02,-5.705212500000000020e+00,-3.733197000000000099e+00,-1.304202300000000037e+01,-1.567163000000000084e+00
2.270000000000000000e+02,-1.142995850000000146e+01,-8.719186000000000547e+00,-2.762118500000000054e+01,-2.335380999999999929e+00
2.280000000000000000e+02,-3.607830499999999940e+00,-3.122375499999999970e+00,-6.842243999999999993e+00,-1.450325000000000086e+00
2.290000000000000000e+02,-1.261734180000000194e+01,-9.725840999999999070e+00,-3.222227099999999922e+01,-1.958617999999999970e+00
2.300000000000000000e+02,-7.889118299999999806e+00,-4.935808500000000265e+00,-2.416915900000000050e+01,-1.562605999999999939e+00
2.310000000000000000e+02,-7.992334400000001615e+00,-6.069172999999999263e+00,-1.942366000000000170e+01,-1.832445000000000102e+00
2.320000000000000000e+02,-8.393996800000000036e+00,-3.972870000000000346e+00,-2.505526000000000053e+01,-2.526276000000000188e+00
2.330000000000000000e+02,-6.560836499999998850e+00,-6.704959999999999809e+00,-1.237128799999999984e+01,-1.566948000000000008e+00
2.340000000000000000e+02,-9.354589600000000615e+00,-6.450459500000000013e+00,-2.367555099999999868e+01,-1.569986000000000104e+00
2.350000000000000000e+02,-5.518146699999999960e+00,-4.435202499999999937e+00,-1.393595299999999959e+01,-2.081580000000000208e+00
2.360000000000000000e+02,-1.100774509999999928e+01,-5.241269499999999582e+00,-3.624436899999999895e+01,-2.527226000000000194e+00
2.370000000000000000e+02,-8.652943900000000355e+00,-8.474337999999999482e+00,-1.746997100000000103e+01,-2.512140000000000040e+00
2.380000000000000000e+02,-5.492710700000000834e+00,-4.726048000000000471e+00,-1.198867000000000083e+01,-2.061649000000000065e+00
2.390000000000000000e+02,-7.477401400000000642e+00,-3.763430000000000053e+00,-2.379435099999999892e+01,-2.399516000000000204e+00
2.400000000000000000e+02,-4.954070999999999891e+00,-2.407252000000000169e+00,-1.729595600000000033e+01,-1.192932000000000103e+00
2.410000000000000000e+02,-5.035939899999999803e+00,-4.517309000000000019e+00,-9.592333999999999250e+00,-2.827560000000000073e+00
2.420000000000000000e+02,-6.470071199999999578e+00,-3.321448000000000178e+00,-1.750916799999999895e+01,-2.157115999999999811e+00
2.430000000000000000e+02,-6.033902300000000274e+00,-5.504353000000000051e+00,-1.575613000000000063e+01,-1.523133999999999988e+00
2.440000000000000000e+02,-7.734881800000001029e+00,-3.728882000000000030e+00,-2.159740400000000093e+01,-1.515848000000000084e+00
2.450000000000000000e+02,-9.986449799999999044e+00,-7.860498500000000277e+00,-2.314762400000000042e+01,-1.682299999999999907e+00
2.460000000000000000e+02,-6.660790700000001507e+00,-3.807367000000000168e+00,-2.066627599999999987e+01,-1.851968000000000059e+00
2.470000000000000000e+02,-7.739798999999999651e+00,-6.366391499999999759e+00,-1.742123000000000133e+01,-2.783983999999999792e+00
2.480000000000000000e+02,-7.491829499999999697e+00,-5.387121500000000118e+00,-1.692604299999999995e+01,-2.003451000000000093e+00
2.490000000000000000e+02,-8.001936099999999996e+00,-4.993777500000000202e+00,-1.814171299999999931e+01,-1.491578999999999988e+00
2.500000000000000000e+02,-5.994117600000000934e+00,-5.192163499999999487e+00,-1.309273100000000056e+01,-2.198157000000000139e+00
2.510000000000000000e+02,-8.222535799999999284e+00,-6.749061499999999825e+00,-1.351781800000000011e+01,-2.974018000000000050e+00
2.520000000000000000e+02,-5.563072100000001186e+00,-3.545379999999999754e+00,-1.504990199999999945e+01,-2.200724000000000125e+00
2.530000000000000000e+02,-7.367522499999999752e+00,-7.157302999999999749e+00,-1.855565800000000110e+01,-1.439861999999999975e+00
2.540000000000000000e+02,-1.035737740000000073e+01,-6.121073499999999612e+00,-2.414366199999999907e+01,-2.808559999999999945e+00
2.550000000000000000e+02,-5.244297700000000617e+00,-4.929206500000000268e+00,-1.422771000000000008e+01,-1.924806999999999935e+00
2.560000000000000000e+02,-5.922212499999999658e+00,-3.781054999999999833e+00,-1.815466100000000083e+01,-2.270080999999999793e+00
2.570000000000000000e+02,-5.794037100000000606e+00,-3.574262000000000050e+00,-1.599868700000000032e+01,-1.981800999999999924e+00
2.580000000000000000e+02,-5.743939400000000362e+00,-3.247781499999999877e+00,-1.797697199999999995e+01,-1.899353000000000069e+00
2.590000000000000000e+02,-7.709685600000000250e+00,-4.212262499999999577e+00,-1.943473699999999837e+01,-2.014610999999999930e+00
2.600000000000000000e+02,-8.321861699999999473e+00,-4.008462999999999887e+00,-2.347704600000000141e+01,-2.151654000000000178e+00
2.610000000000000000e+02,-6.753400199999999742e+00,-7.031836000000000197e+00,-1.278364900000000048e+01,-1.667380000000000084e+00
2.620000000000000000e+02,-8.588385499999999340e+00,-3.545492000000000310e+00,-2.258659199999999956e+01,-1.717082999999999915e+00
2.630000000000000000e+02,-6.884157599999999988e+00,-4.306364499999999929e+00,-2.321011100000000127e+01,-1.987706999999999891e+00
2.640000000000000000e+02,-7.023766399999999521e+00,-4.593049000000000603e+00,-2.170621200000000073e+01,-2.714751000000000136e+00
2.650000000000000000e+02,-4.214594100000000232e+00,-3.648028000000000048e+00,-9.002881999999999607e+00,-1.915397000000000016e+00
2.660000000000000000e+02,-5.948157000000000139e+00,-3.529668500000000098e+00,-1.909355700000000056e+01,-1.404749999999999943e+00
2.670000000000000000e+02,-3.806574299999999855e+00,-3.475107500000000016e+00,-9.239352999999999483e+00,-1.299962000000000062e+00
2.680000000000000000e+02,-1.215971240000000009e+01,-7.892989000000000033e+00,-2.781012899999999988e+01,-2.644365000000000077e+00
2.690000000000000000e+02,-7.645903899999998643e+00,-5.899768500000000415e+00,-1.821585899999999825e+01,-1.323843000000000103e+00
2.700000000000000000e+02,-5.322517400000000620e+00,-4.372282000000000224e+00,-1.492961000000000027e+01,-2.315538000000000096e+00
2.710000000000000000e+02,-8.394388299999999248e+00,-3.149359500000000089e+00,-3.504311700000000229e+01,-1.351456999999999908e+00
2.720000000000000000e+02,-7.396333000000000268e+00,-5.741512999999999423e+00,-2.300639100000000070e+01,-2.962940999999999825e+00
2.730000000000000000e+02,-7.975478199999999518e+00,-6.455555999999999628e+00,-2.146456200000000081e+01,-1.200739000000000001e+00
2.740000000000000000e+02,-5.852736400000000394e+00,-4.365538500000000433e+00,-1.445177499999999959e+01,-1.675238000000000005e+00
2.750000000000000000e+02,-6.402578200000000663e+00,-4.985568999999999917e+00,-1.939599400000000173e+01,-1.559882999999999909e+00
2.760000000000000000e+02,-5.728369700000000009e+00,-5.590732499999999661e+00,-8.787107999999999919e+00,-3.027492000000000072e+00
2.770000000000000000e+02,-7.221156299999999639e+00,-4.921156500000000378e+00,-1.648434599999999861e+01,-4.278742000000000267e+00
2.780000000000000000e+02,-6.874571500000000057e+00,-5.184040500000000051e+00,-2.410763599999999940e+01,-3.087641000000000080e+00
2.790000000000000000e+02,-6.116231799999999552e+00,-4.214526499999999842e+00,-1.794092900000000057e+01,-1.904725000000000001e+00
2.800000000000000000e+02,-5.994067499999999882e+00,-5.869318500000000327e+00,-1.066492200000000068e+01,-2.817191999999999918e+00
2.810000000000000000e+02,-6.684460300000000466e+00,-4.899695499999999981e+00,-2.043079300000000131e+01,-1.663191000000000086e+00
2.820000000000000000e+02,-6.646206599999999298e+00,-4.501336999999999477e+00,-2.056172199999999961e+01,-2.090231000000000172e+00
2.830000000000000000e+02,-7.906559199999999343e+00,-5.986969500000000721e+00,-1.981025100000000094e+01,-2.651534999999999975e+00
2.840000000000000000e+02,-6.997298999999999936e+00,-4.848849999999999660e+00,-1.749437999999999960e+01,-2.899157999999999902e+00
2.850000000000000000e+02,-8.522704999999998421e+00,-5.528982000000000063e+00,-2.235140600000000077e+01,-1.568427999999999933e+00
2.860000000000000000e+02,-5.217448099999999478e+00,-3.286027999999999949e+00,-2.170474199999999954e+01,-1.993017000000000039e+00
2.870000000000000000e+02,-6.554519600000000779e+00,-4.679343499999999878e+00,-2.080122400000000127e+01,-2.475941999999999865e+00
2.880000000000000000e+02,-6.231330700000000000e+00,-3.338096999999999870e+00,-1.858237199999999945e+01,-2.050727999999999884e+00
2.890000000000000000e+02,-4.890597500000000153e+00,-4.338172000000000139e+00,-9.067094000000000875e+00,-3.015210999999999864e+00
2.900000000000000000e+02,-7.002057200000000314e+00,-3.672170500000000004e+00,-2.123786399999999830e+01,-1.655114999999999892e+00
2.910000000000000000e+02,-4.423293199999999814e+00,-3.631553499999999879e+00,-8.834189000000000291e+00,-2.423255999999999855e+00
2.920000000000000000e+02,-7.567032899999999174e+00,-6.373263500000000192e+00,-2.147905099999999834e+01,-2.510234000000000076e+00
2.930000000000000000e+02,-6.566358600000000934e+00,-6.096361500000000433e+00,-1.371474899999999941e+01,-2.382327000000000083e+00
2.940000000000000000e+02,-8.087618199999999646e+00,-4.999418000000000362e+00,-2.289145399999999952e+01,-1.952137999999999929e+00
2.950000000000000000e+02,-7.211666500000001534e+00,-3.638810499999999948e+00,-1.931524399999999986e+01,-2.349985000000000213e+00
2.960000000000000000e+02,-5.063521300000000558e+00,-5.431678500000000298e+00,-8.046343000000000245e+00,-2.281985999999999848e+00
2.970000000000000000e+02,-8.266664099999999848e+00,-7.044048000000000087e+00,-2.274048600000000064e+01,-2.453860999999999848e+00
2.980000000000000000e+02,-6.976908899999999747e+00,-4.659434000000000076e+00,-1.997785700000000020e+01,-2.326886000000000010e+00
2.990000000000000000e+02,-6.598041400000001389e+00,-3.269524500000000167e+00,-2.143598700000000079e+01,-2.463077999999999879e+00
3.000000000000000000e+02,-1.083986020000000039e+01,-6.205170499999999478e+00,-2.259651799999999966e+01,-1.664228999999999958e+00
3.010000000000000000e+02,-8.175212200000000706e+00,-6.073324500000000015e+00,-2.407095899999999844e+01,-3.468802000000000163e+00
3.020000000000000000e+02,-7.347376999999999825e+00,-6.300884500000000443e+00,-1.497091700000000003e+01,-1.941113000000000088e+00
3.030000000000000000e+02,-6.884813900000000153e+00,-4.269377999999999673e+00,-2.423573800000000134e+01,-2.331185000000000063e+00
3.040000000000000000e+02,-1.126556439999999881e+01,-6.858009500000000536e+00,-3.508136499999999813e+01,-2.850458999999999854e+00
3.050000000000000000e+02,-8.893726299999999085e+00,-6.166439999999999699e+00,-2.245210099999999898e+01,-2.621169000000000082e+00
3.060000000000000000e+02,-4.673099099999999950e+00,-4.891280000000000072e+00,-6.520102999999999760e+00,-2.748863000000000056e+00
3.070000000000000000e+02,-5.548685500000000381e+00,-4.457958999999999783e+00,-1.040645600000000037e+01,-2.116718000000000099e+00
3.080000000000000000e+02,-6.447910399999999598e+00,-3.839852000000000043e+00,-1.945993299999999948e+01,-2.240299999999999958e+00
3.090000000000000000e+02,-6.269931800000000166e+00,-4.043072500000000069e+00,-2.142577199999999849e+01,-1.567001000000000088e+00
3.100000000000000000e+02,-4.373693799999999854e+00,-3.403140000000000054e+00,-1.000256700000000087e+01,-1.938204999999999956e+00
3.110000000000000000e+02,-5.316245099999999724e+00,-5.367801500000000559e+00,-8.451843999999999468e+00,-2.094974999999999810e+00
3.120000000000000000e+02,-4.406429499999999777e+00,-3.991769500000000193e+00,-9.359080999999999761e+00,-2.203304999999999847e+00
3.130000000000000000e+02,-7.786628799999999906e+00,-5.955413000000000068e+00,-2.061053300000000021e+01,-2.499239999999999906e+00
3.140000000000000000e+02,-7.960367099999999141e+00,-5.216025000000000134e+00,-2.137848200000000176e+01,-1.940714000000000050e+00
3.150000000000000000e+02,-6.554298799999999758e+00,-5.040880999999999723e+00,-1.751473400000000069e+01,-2.596058000000000199e+00
3.160000000000000000e+02,-7.328970099999999377e+00,-4.338409500000000030e+00,-1.937797000000000125e+01,-1.724263000000000101e+00
3.170000000000000000e+02,-5.842322499999999863e+00,-5.094942999999999778e+00,-1.337978099999999948e+01,-2.020077999999999818e+00
3.180000000000000000e+02,-6.017453999999998970e+00,-5.281400999999999790e+00,-1.165336699999999936e+01,-2.736212999999999784e+00
3.190000000000000000e+02,-7.731824999999998838e+00,-5.258582999999999785e+00,-1.959121700000000033e+01,-2.813520000000000021e+00
3.200000000000000000e+02,-5.009758700000000786e+00,-3.437525500000000012e+00,-1.542069299999999998e+01,-2.098758000000000123e+00
3.210000000000000000e+02,-6.327164899999999648e+00,-3.684996500000000008e+00,-2.203646900000000031e+01,-1.816661999999999999e+00
3.220000000000000000e+02,-5.089509399999999850e+00,-4.067369499999999860e+00,-1.061298999999999992e+01,-1.449578999999999951e+00
3.230000000000000000e+02,-6.177114399999998895e+00,-4.720716499999999982e+00,-1.320248800000000067e+01,-2.484271000000000118e+00
3.240000000000000000e+02,-5.821818400000000615e+00,-4.894575500000000190e+00,-2.051291700000000162e+01,-2.120228000000000002e+00
3.250000000000000000e+02,-5.254222500000000018e+00,-4.514936500000000130e+00,-1.060238099999999939e+01,-8.816910000000000025e-01
3.260000000000000000e+02,-7.766952599999998874e+00,-4.235339999999999883e+00,-2.368939500000000109e+01,-1.796755000000000102e+00
3.270000000000000000e+02,-3.579589200000000027e+00,-3.601414499999999741e+00,-6.326694999999999958e+00,-2.184819000000000067e+00
3.280000000000000000e+02,-3.099704200000000576e+00,-2.442881500000000372e+00,-9.799210999999999672e+00,-1.372730999999999923e+00
3.290000000000000000e+02,-6.337818699999999694e+00,-4.958943999999999797e+00,-1.487863600000000019e+01,-1.478693000000000035e+00
3.300000000000000000e+02,-8.446332000000001727e+00,-5.307442500000000507e+00,-2.565663699999999992e+01,-1.844243999999999994e+00
3.310000000000000000e+02,-6.613805900000000015e+00,-4.162059499999999801e+00,-2.387757200000000068e+01,-2.432469000000000214e+00
3.320000000000000000e+02,-4.337117999999999363e+00,-3.075922999999999963e+00,-1.410787499999999994e+01,-1.081951000000000107e+00
3.330000000000000000e+02,-5.994489200000000295e+00,-4.149566500000000602e+00,-2.242106400000000122e+01,-1.681127999999999956e+00
3.340000000000000000e+02,-6.729254500000000583e+00,-4.442519499999999510e+00,-2.088807699999999912e+01,-2.562920000000000087e+00
3.350000000000000000e+02,-5.343376800000000593e+00,-3.217631499999999978e+00,-1.902267300000000105e+01,-1.703243000000000062e+00
3.360000000000000000e+02,-6.769814599999999238e+00,-7.293408999999999587e+00,-1.418261399999999917e+01,-1.509644999999999904e+00
3.370000000000000000e+02,-5.523929200000000428e+00,-2.667009000000000185e+00,-2.000931800000000038e+01,-1.228123999999999993e+00
3.380000000000000000e+02,-5.054308799999999380e+00,-3.322954499999999811e+00,-2.060028199999999998e+01,-1.142160000000000064e+00
3.390000000000000000e+02,-6.986412500000000136e+00,-5.432629000000000374e+00,-1.650742100000000079e+01,-3.148359000000000130e+00
3.400000000000000000e+02,-7.927320100000001091e+00,-6.566799999999999748e+00,-2.132530900000000074e+01,-9.649450000000000527e-01
3.410000000000000000e+02,-3.259289499999999951e+00,-2.854956000000000049e+00,-8.163372000000000739e+00,-1.151197999999999944e+00
3.420000000000000000e+02,-4.061942700000000350e+00,-4.028355499999999978e+00,-6.265105000000000146e+00,-1.729705999999999966e+00
3.430000000000000000e+02,-4.109712099999999424e+00,-2.758222500000000021e+00,-1.546349299999999971e+01,-1.505362000000000089e+00
3.440000000000000000e+02,-6.345211300000000776e+00,-5.732324500000000711e+00,-1.771070699999999931e+01,-1.965011000000000063e+00
3.450000000000000000e+02,-6.331616800000000822e+00,-5.276540999999999926e+00,-1.937142000000000053e+01,-1.998887000000000080e+00
3.460000000000000000e+02,-3.713682299999999881e+00,-3.444967000000000112e+00,-6.161969000000000030e+00,-2.396989000000000036e+00
3.470000000000000000e+02,-1.063952229999999943e+01,-7.321722499999999911e+00,-4.211105899999999735e+01,-3.501142999999999894e+00
3.480000000000000000e+02,-6.271953599999999796e+00,-4.523473499999999703e+00,-1.579062700000000063e+01,-2.233083999999999847e+00
3.490000000000000000e+02,-1.120843999999999951e+01,-4.470690499999999901e+00,-3.476658100000000218e+01,-2.461012000000000199e+00
3.500000000000000000e+02,-6.957446599999999926e+00,-3.926512999999999920e+00,-2.085547100000000142e+01,-2.011521999999999810e+00
3.510000000000000000e+02,-8.269074900000001449e+00,-4.127330500000000235e+00,-2.915727700000000056e+01,-2.408755000000000202e+00
3.520000000000000000e+02,-4.238169600000000869e+00,-3.449879999999999836e+00,-1.382622500000000088e+01,-1.893315999999999999e+00
3.530000000000000000e+02,-7.723988899999999269e+00,-3.944882999999999917e+00,-2.003428299999999851e+01,-1.912260999999999989e+00
3.540000000000000000e+02,-6.791668699999998005e+00,-4.690109500000000153e+00,-1.571469699999999925e+01,-1.547900999999999971e+00
3.550000000000000000e+02,-3.044402000000000275e+00,-2.836502499999999927e+00,-4.653470999999999691e+00,-1.277471999999999941e+00
3.560000000000000000e+02,-6.171243499999999216e+00,-4.805584500000000148e+00,-1.942427700000000002e+01,-1.706393000000000049e+00
3.570000000000000000e+02,-6.840601200000000048e+00,-5.671765999999999863e+00,-1.477600499999999961e+01,-2.332726000000000077e+00
3.580000000000000000e+02,-1.018805029999999867e+01,-6.470599500000000504e+00,-3.163915799999999834e+01,-1.637305000000000010e+00
3.590000000000000000e+02,-7.265815700000001875e+00,-4.511130500000000154e+00,-2.391691300000000098e+01,-1.274283999999999972e+00
3.600000000000000000e+02,-4.801637600000001171e+00,-2.983637499999999942e+00,-1.216295999999999999e+01,-1.872246999999999995e+00
3.610000000000000000e+02,-6.855086699999999311e+00,-6.012456499999999870e+00,-1.734266600000000125e+01,-1.714064999999999950e+00
3.620000000000000000e+02,-6.884302200000000482e+00,-5.344455500000000470e+00,-1.656092299999999895e+01,-2.751011000000000095e+00
3.630000000000000000e+02,-4.219096300000000355e+00,-4.355356000000000449e+00,-7.403007999999999811e+00,-1.676013999999999893e+00
3.640000000000000000e+02,-6.121534500000000101e+00,-5.433140999999999998e+00,-1.076808199999999971e+01,-1.606378000000000084e+00
3.650000000000000000e+02,-5.717003399999999402e+00,-3.834763500000000214e+00,-2.144464100000000073e+01,-2.360784000000000216e+00
3.660000000000000000e+02,-6.830608999999999931e+00,-5.457241500000000300e+00,-1.817039799999999872e+01,-2.025274000000000019e+00
3.670000000000000000e+02,-6.423674000000000106e+00,-3.662341500000000138e+00,-1.660467200000000076e+01,-2.479400000000000048e+00
3.680000000000000000e+02,-5.389737999999999474e+00,-3.826984000000000385e+00,-1.641072799999999887e+01,-1.919014999999999915e+00
3.690000000000000000e+02,-4.565440699999999907e+00,-4.052665000000000184e+00,-1.313532400000000067e+01,-2.127661999999999942e+00
3.700000000000000000e+02,-4.276448000000000249e+00,-3.398061000000000220e+00,-1.204546200000000056e+01,-1.881008000000000013e+00
3.710000000000000000e+02,-2.579943799999999676e+00,-2.566267999999999994e+00,-3.903697999999999890e+00,-8.408369999999999456e-01
3.720000000000000000e+02,-7.607655900000000138e+00,-2.832258500000000012e+00,-2.730622100000000074e+01,-1.432663000000000020e+00
3.730000000000000000e+02,-6.507699699999998977e+00,-4.941800500000000262e+00,-1.420689699999999966e+01,-3.123146000000000200e+00
3.740000000000000000e+02,-5.700444100000000347e+00,-4.124302999999999386e+00,-2.041854999999999976e+01,-2.413444999999999840e+00
3.750000000000000000e+02,-5.439935300000000140e+00,-2.900219499999999950e+00,-1.884043799999999891e+01,-1.006280000000000063e+00
3.760000000000000000e+02,-5.401083699999999155e+00,-3.399050499999999975e+00,-1.779865600000000114e+01,-2.346130000000000049e+00
3.770000000000000000e+02,-3.897203399999999984e+00,-3.233507499999999979e+00,-9.021810999999999581e+00,-1.678395000000000081e+00
3.780000000000000000e+02,-3.242295099999999763e+00,-3.173255999999999855e+00,-4.680625000000000036e+00,-1.736218000000000039e+00
3.790000000000000000e+02,-5.044825600000000243e+00,-4.454530500000000615e+00,-1.261174699999999937e+01,-1.866816000000000031e+00
3.800000000000000000e+02,-5.756943200000000260e+00,-5.292865499999999557e+00,-1.516952599999999940e+01,-2.293766000000000194e+00
3.810000000000000000e+02,-4.792346600000000123e+00,-3.875631999999999966e+00,-1.229387799999999942e+01,-1.299544000000000032e+00
3.820000000000000000e+02,-6.458762899999999085e+00,-5.193583500000000797e+00,-1.940399999999999991e+01,-2.241802999999999990e+00
3.830000000000000000e+02,-6.214815599999999662e+00,-3.651409000000000127e+00,-1.587021000000000015e+01,-1.658546000000000076e+00
3.840000000000000000e+02,-8.418157199999999563e+00,-6.145894999999999442e+00,-2.114983700000000155e+01,-2.131152999999999853e+00
3.850000000000000000e+02,-5.634832900000000144e+00,-4.614960500000000465e+00,-1.588817799999999991e+01,-2.223692999999999920e+00
3.860000000000000000e+02,-5.502900000000001235e+00,-4.896807499999999536e+00,-1.449779000000000018e+01,-1.181869999999999976e+00
3.870000000000000000e+02,-6.031916600000000628e+00,-4.477777500000000188e+00,-1.633530100000000118e+01,-2.207002000000000130e+00
3.880000000000000000e+02,-4.989231299999999258e+00,-3.393881499999999996e+00,-1.267608099999999993e+01,-1.271225000000000049e+00
3.890000000000000000e+02,-5.709775800000000956e+00,-3.998793000000000042e+00,-1.609701000000000093e+01,-3.139117000000000157e+00
3.900000000000000000e+02,-5.521669000000001049e+00,-3.945407000000000330e+00,-1.254346899999999998e+01,-1.649515999999999982e+00
3.910000000000000000e+02,-9.332766799999999918e+00,-4.233600499999999656e+00,-3.527431700000000347e+01,-2.487477000000000160e+00
3.920000000000000000e+02,-3.466546299999999636e+00,-2.980834999999999901e+00,-5.571444999999999759e+00,-2.130675000000000097e+00
3.930000000000000000e+02,-4.125534500000000548e+00,-3.738957000000000086e+00,-9.071927999999999770e+00,-2.234656000000000198e+00
3.940000000000000000e+02,-6.530762800000000645e+00,-4.196761000000000408e+00,-1.650977599999999867e+01,-2.439979999999999816e+00
3.950000000000000000e+02,-5.142664900000000650e+00,-4.565398000000000067e+00,-1.509086500000000086e+01,-1.375655999999999990e+00
3.960000000000000000e+02,-3.642890299999999915e+00,-3.306977499999999903e+00,-5.439159000000000077e+00,-1.839863000000000026e+00
3.970000000000000000e+02,-4.078043399999999430e+00,-3.704253999999999714e+00,-7.741534999999999833e+00,-1.875248999999999944e+00
3.980000000000000000e+02,-5.711962599999999668e+00,-3.533776000000000028e+00,-2.168924099999999910e+01,-2.299730999999999970e+00
3.990000000000000000e+02,-5.686354300000000528e+00,-3.244032500000000319e+00,-2.536166700000000063e+01,-2.338334999999999830e+00
4.000000000000000000e+02,-5.399344399999999489e+00,-4.563373000000000346e+00,-1.559187000000000012e+01,-1.262364000000000042e+00
4.010000000000000000e+02,-3.191960600000000259e+00,-3.261091500000000032e+00,-4.592698999999999643e+00,-1.639820999999999973e+00
4.020000000000000000e+02,-7.463042500000000246e+00,-4.311181500000000000e+00,-3.629276800000000236e+01,-2.526937000000000211e+00
4.030000000000000000e+02,-5.756462700000000154e+00,-3.286416000000000004e+00,-2.518650299999999831e+01,-1.498801999999999968e+00
4.040000000000000000e+02,-4.444559100000000207e+00,-4.053021499999999833e+00,-8.992250999999999550e+00,-2.772873999999999839e+00
4.050000000000000000e+02,-3.967709100000000433e+00,-3.664191999999999894e+00,-8.594212999999999880e+00,-1.869027999999999912e+00
4.060000000000000000e+02,-7.674588099999999358e+00,-7.205498999999999654e+00,-1.777397399999999905e+01,-3.486241999999999841e+00
4.070000000000000000e+02,-3.735639600000000282e+00,-3.046189000000000036e+00,-5.738465999999999845e+00,-2.059617999999999949e+00
4.080000000000000000e+02,-4.607020999999999589e+00,-3.936161500000000313e+00,-1.022879600000000089e+01,-1.714893000000000001e+00
4.090000000000000000e+02,-5.627628599999999537e+00,-4.546266499999999766e+00,-1.482278799999999919e+01,-2.095523000000000025e+00
4.100000000000000000e+02,-6.108473400000000275e+00,-2.885796000000000028e+00,-3.235675499999999971e+01,-1.630641999999999925e+00
4.110000000000000000e+02,-5.311204899999999007e+00,-3.760303500000000021e+00,-1.412504599999999932e+01,-2.749296999999999880e+00
4.120000000000000000e+02,-2.661235800000000040e+00,-2.589989499999999722e+00,-3.506693999999999978e+00,-1.910433999999999966e+00
4.130000000000000000e+02,-6.928334699999998847e+00,-4.917463500000000209e+00,-2.428771100000000160e+01,-2.360441999999999929e+00
4.140000000000000000e+02,-5.794697399999999554e+00,-3.594097499999999723e+00,-1.988448500000000152e+01,-2.057782000000000000e+00
4.150000000000000000e+02,-4.393653099999999867e+00,-3.602706999999999660e+00,-9.847189999999999444e+00,-1.767323999999999895e+00
4.160000000000000000e+02,-4.350376299999999752e+00,-3.702843000000000107e+00,-1.071847400000000050e+01,-2.129770999999999859e+00
4.170000000000000000e+02,-8.180633699999999564e+00,-4.944616500000000414e+00,-2.026948399999999850e+01,-2.993834000000000106e+00
4.180000000000000000e+02,-3.425402499999999684e+00,-3.040796999999999972e+00,-5.595430999999999599e+00,-2.120846999999999927e+00
4.190000000000000000e+02,-5.843147200000000652e+00,-3.794246999999999925e+00,-2.321521900000000116e+01,-2.783497000000000110e+00
4.200000000000000000e+02,-3.503132900000000660e+00,-2.833390000000000075e+00,-6.946436000000000277e+00,-1.558208000000000037e+00
4.210000000000000000e+02,-5.362743500000000552e+00,-3.617170999999999914e+00,-2.218645100000000170e+01,-1.970045000000000046e+00
4.220000000000000000e+02,-6.270749199999999135e+00,-3.422588499999999812e+00,-3.520260900000000248e+01,-1.762266000000000110e+00
4.230000000000000000e+02,-3.562603399999999532e+00,-3.075679000000000052e+00,-6.848389000000000060e+00,-2.101455000000000073e+00
4.240000000000000000e+02,-4.936808799999999664e+00,-3.900789500000000132e+00,-1.126888399999999990e+01,-1.634643999999999986e+00
4.250000000000000000e+02,-4.818465599999999682e+00,-3.336616499999999874e+00,-1.957549500000000009e+01,-2.258037999999999990e+00
4.260000000000000000e+02,-6.864350399999999297e+00,-4.334910499999999445e+00,-2.164690399999999926e+01,-2.277766999999999875e+00
4.270000000000000000e+02,-6.346440900000000163e+00,-3.888354500000000158e+00,-1.868938699999999997e+01,-1.399065999999999921e+00
4.280000000000000000e+02,-5.648235699999999859e+00,-3.423795499999999770e+00,-2.183506399999999914e+01,-1.251954999999999929e+00
4.290000000000000000e+02,-4.824256999999999351e+00,-4.203174500000000258e+00,-1.176044199999999940e+01,-2.053843000000000085e+00
4.300000000000000000e+02,-4.477351299999999590e+00,-4.235271000000000008e+00,-9.466668000000000305e+00,-1.903361999999999998e+00
4.310000000000000000e+02,-4.648049499999999945e+00,-4.210235499999999575e+00,-8.644935999999999510e+00,-2.167564000000000046e+00
4.320000000000000000e+02,-4.053329599999999644e+00,-3.378639500000000240e+00,-1.000890300000000011e+01,-1.424711999999999978e+00
4.330000000000000000e+02,-4.530989100000000214e+00,-4.112911500000000053e+00,-6.623016999999999932e+00,-3.215438999999999936e+00
4.340000000000000000e+02,-4.702027000000000179e+00,-3.532404999999999795e+00,-1.214721800000000052e+01,-2.011254000000000097e+00
4.350000000000000000e+02,-6.147059400000000728e+00,-4.149460000000000370e+00,-2.344165299999999874e+01,-2.114580999999999822e+00
4.360000000000000000e+02,-3.117259900000000084e+00,-2.863736499999999907e+00,-6.540735999999999883e+00,-1.628643000000000063e+00
4.370000000000000000e+02,-5.491620999999999420e+00,-4.180295499999999720e+00,-1.209820000000000029e+01,-2.160979999999999901e+00
4.380000000000000000e+02,-8.623778899999999581e+00,-3.108543000000000056e+00,-3.545499999999999829e+01,-1.765776999999999930e+00
4.390000000000000000e+02,-5.750663099999999694e+00,-4.024442500000000145e+00,-2.236025700000000072e+01,-1.821347999999999967e+00
4.400000000000000000e+02,-7.222962899999998854e+00,-3.871542499999999887e+00,-2.658625999999999934e+01,-2.335484000000000115e+00
4.410000000000000000e+02,-4.217967200000000361e+00,-4.118340500000000404e+00,-6.070238999999999940e+00,-2.394416000000000100e+00
4.420000000000000000e+02,-3.760323999999999778e+00,-3.118098500000000328e+00,-1.078572199999999981e+01,-1.242493999999999987e+00
4.430000000000000000e+02,-3.165909800000000107e+00,-2.929268500000000053e+00,-5.564681000000000211e+00,-1.764237999999999973e+00
4.440000000000000000e+02,-4.851822199999999974e+00,-3.628218500000000013e+00,-1.546367300000000000e+01,-2.416084999999999816e+00
4.450000000000000000e+02,-5.258133100000000226e+00,-3.926928999999999892e+00,-1.366335499999999925e+01,-2.024373999999999896e+00
4.460000000000000000e+02,-4.413786600000000782e+00,-3.313118499999999855e+00,-1.063083999999999918e+01,-2.252051999999999943e+00
4.470000000000000000e+02,-4.400742500000000668e+00,-3.079945500000000003e+00,-1.536146100000000025e+01,-1.750682999999999989e+00
4.480000000000000000e+02,-5.737373400000000068e+00,-3.734637000000000207e+00,-2.018375999999999948e+01,-2.962296999999999958e+00
4.490000000000000000e+02,-3.501471999999999696e+00,-3.239243000000000094e+00,-5.775276999999999994e+00,-2.523753999999999831e+00
4.500000000000000000e+02,-7.916860500000000300e+00,-5.060805499999999846e+00,-3.152260700000000071e+01,-2.102002999999999844e+00
4.510000000000000000e+02,-6.033694899999999528e+00,-4.803402499999999797e+00,-1.223818100000000086e+01,-2.979009000000000018e+00
4.520000000000000000e+02,-3.725460499999999620e+00,-3.358184999999999754e+00,-8.067408000000000357e+00,-1.908508000000000093e+00
4.530000000000000000e+02,-7.387077599999999578e+00,-5.074767500000000098e+00,-2.887982399999999927e+01,-1.994952000000000059e+00
4.540000000000000000e+02,-4.967975899999999889e+00,-3.956387499999999946e+00,-1.590213199999999993e+01,-2.067229999999999901e+00
4.550000000000000000e+02,-5.645335900000000073e+00,-3.479014499999999899e+00,-2.353633500000000112e+01,-2.176590000000000025e+00
4.560000000000000000e+02,-3.777953000000000117e+00,-3.719867499999999882e+00,-6.016263000000000361e+00,-2.795825999999999922e+00
4.570000000000000000e+02,-5.656149599999999111e+00,-4.098471500000000489e+00,-1.365193000000000012e+01,-2.832603000000000204e+00
4.580000000000000000e+02,-3.584603699999999726e+00,-3.471362000000000059e+00,-5.458963999999999928e+00,-2.221683000000000074e+00
4.590000000000000000e+02,-4.978990600000000377e+00,-3.238050499999999943e+00,-1.603207000000000093e+01,-2.204803000000000068e+00
4.600000000000000000e+02,-5.402019600000000032e+00,-3.438785999999999898e+00,-2.086159100000000066e+01,-1.760067999999999966e+00
4.610000000000000000e+02,-4.457745899999999928e+00,-4.386343999999999355e+00,-7.890691000000000344e+00,-2.839980000000000171e+00
4.620000000000000000e+02,-5.394204499999999847e+00,-4.612520999999999205e+00,-1.038574000000000019e+01,-3.146256999999999859e+00
4.630000000000000000e+02,-6.339950799999999553e+00,-5.533544499999999644e+00,-1.277036900000000053e+01,-2.805012000000000061e+00
4.640000000000000000e+02,-6.887880000000000003e+00,-4.706426999999999694e+00,-2.464494300000000138e+01,-1.811982999999999899e+00
4.650000000000000000e+02,-6.701019999999999754e+00,-4.836918499999999455e+00,-1.862222399999999922e+01,-1.995441999999999938e+00
4.660000000000000000e+02,-4.992676999999999587e+00,-3.610320999999999891e+00,-1.619853700000000174e+01,-1.467135000000000078e+00
4.670000000000000000e+02,-5.847213699999999292e+00,-4.283938000000000024e+00,-2.141723199999999849e+01,-1.767462000000000089e+00
4.680000000000000000e+02,-5.140027899999998873e+00,-3.839818499999999801e+00,-1.661056100000000058e+01,-2.236206999999999834e+00
4.690000000000000000e+02,-4.171014800000000022e+00,-4.392511999999999972e+00,-5.804388999999999577e+00,-2.115234000000000059e+00
4.700000000000000000e+02,-7.077210599999999019e+00,-4.278772500000000534e+00,-3.478463500000000153e+01,-2.131901000000000046e+00
4.710000000000000000e+02,-7.057840500000000183e+00,-3.370978499999999656e+00,-3.867965900000000090e+01,-1.887718999999999925e+00
4.720000000000000000e+02,-5.348780200000000207e+00,-4.448153500000000093e+00,-1.180291199999999918e+01,-2.066615999999999786e+00
4.730000000000000000e+02,-3.656311099999999925e+00,-3.330331000000000152e+00,-8.228377000000000052e+00,-2.069045000000000023e+00
4.740000000000000000e+02,-3.545801199999999653e+00,-3.300493499999999969e+00,-6.006186999999999721e+00,-2.280304999999999804e+00
4.750000000000000000e+02,-4.207613300000000223e+00,-4.225417999999999452e+00,-7.133414000000000144e+00,-1.795055999999999985e+00
4.760000000000000000e+02,-9.602093999999999241e+00,-5.039260500000000143e+00,-3.750771799999999701e+01,-2.128502999999999812e+00
4.770000000000000000e+02,-6.594494599999999984e+00,-3.625605999999999884e+00,-2.332157399999999825e+01,-2.540076000000000001e+00
4.780000000000000000e+02,-4.904854999999999521e+00,-3.576671000000000156e+00,-1.514533899999999988e+01,-1.372735000000000039e+00
4.790000000000000000e+02,-4.302618199999999504e+00,-3.587100500000000025e+00,-8.265432000000000556e+00,-1.866235000000000088e+00
4.800000000000000000e+02,-4.015290900000000107e+00,-3.880781999999999954e+00,-6.757988000000000106e+00,-1.652166999999999941e+00
4.810000000000000000e+02,-3.503220899999999638e+00,-3.171814999999999607e+00,-6.971392999999999951e+00,-2.348908999999999914e+00
4.820000000000000000e+02,-4.320523199999999342e+00,-3.846344000000000207e+00,-7.443529999999999980e+00,-1.052278999999999964e+00
4.830000000000000000e+02,-3.474127000000000187e+00,-3.457553499999999946e+00,-5.120376000000000261e+00,-1.780343999999999927e+00
4.840000000000000000e+02,-4.286802599999999686e+00,-3.621456000000000230e+00,-6.984404999999999752e+00,-2.324793999999999805e+00
4.850000000000000000e+02,-5.105577699999999552e+00,-4.315669999999999895e+00,-1.126041299999999978e+01,-2.956264000000000003e+00
4.860000000000000000e+02,-5.115625599999999551e+00,-3.998656500000000058e+00,-1.580855299999999986e+01,-1.035703999999999958e+00
4.870000000000000000e+02,-3.773077700000000423e+00,-3.583452999999999999e+00,-8.472561000000000675e+00,-1.573557000000000095e+00
4.880000000000000000e+02,-5.327446000000000126e+00,-3.639321999999999946e+00,-1.485519999999999996e+01,-1.014332000000000011e+00
4.890000000000000000e+02,-8.199267799999999440e+00,-4.457153500000000435e+00,-2.964780000000000015e+01,-1.947975999999999930e+00
4.900000000000000000e+02,-3.127196199999999759e+00,-2.894646999999999970e+00,-4.827492999999999590e+00,-1.859928000000000026e+00
4.910000000000000000e+02,-4.847350300000000445e+00,-4.346059000000000339e+00,-8.961138000000000048e+00,-1.828322000000000003e+00
4.920000000000000000e+02,-4.729228600000000782e+00,-3.651181000000000232e+00,-1.597256499999999946e+01,-2.142323999999999895e+00
4.930000000000000000e+02,-6.489588499999999094e+00,-4.359283999999999715e+00,-2.629002399999999895e+01,-2.701689000000000007e+00
4.940000000000000000e+02,-4.044999100000000070e+00,-3.885160500000000017e+00,-5.818103999999999942e+00,-2.921842999999999968e+00
4.950000000000000000e+02,-4.586418100000000386e+00,-3.600776500000000269e+00,-1.098238300000000045e+01,-1.705896000000000079e+00
4.960000000000000000e+02,-4.037112900000000337e+00,-3.805437500000000028e+00,-8.453032000000000323e+00,-2.085965999999999987e+00
4.970000000000000000e+02,-3.378760799999999787e+00,-2.724990000000000023e+00,-6.257679999999999687e+00,-1.646517999999999926e+00
4.980000000000000000e+02,-3.741708199999999263e+00,-3.729137500000000216e+00,-5.598760000000000403e+00,-2.129593999999999987e+00
4.990000000000000000e+02,-3.065203300000000297e+00,-2.909346000000000210e+00,-4.584546999999999706e+00,-1.910093000000000041e+00
5.000000000000000000e+02,-5.662351199999999807e+00,-4.446666500000000077e+00,-2.038255399999999895e+01,-2.523099999999999898e+00
5.010000000000000000e+02,-3.875792500000000640e+00,-3.483907499999999935e+00,-6.867709999999999759e+00,-1.512094999999999967e+00
5.020000000000000000e+02,-5.010518100000000530e+00,-4.490084999999999660e+00,-1.001497600000000077e+01,-2.258850999999999942e+00
5.030000000000000000e+02,-4.512303600000000081e+00,-3.352509999999999657e+00,-1.424596599999999924e+01,-2.047658000000000200e+00
5.040000000000000000e+02,-4.265595700000000434e+00,-3.593636000000000053e+00,-1.044149900000000031e+01,-2.422499999999999876e+00
5.050000000000000000e+02,-4.616896699999999854e+00,-4.800132500000000135e+00,-7.270719999999999850e+00,-2.960716000000000125e+00
5.060000000000000000e+02,-6.153007900000000419e+00,-4.033019499999999979e+00,-2.215040499999999923e+01,-1.547374999999999945e+00
5.070000000000000000e+02,-6.444664000000000392e+00,-4.334913999999999490e+00,-2.043840300000000099e+01,-2.736304000000000070e+00
5.080000000000000000e+02,-7.495122900000001032e+00,-4.347707500000000280e+00,-3.440791000000000111e+01,-2.044112999999999847e+00
5.090000000000000000e+02,-3.939333899999999833e+00,-3.590745000000000076e+00,-8.995129999999999626e+00,-1.668560000000000043e+00
5.100000000000000000e+02,-4.246321100000000293e+00,-3.225220999999999894e+00,-1.135590900000000047e+01,-1.856368999999999936e+00
5.110000000000000000e+02,-4.338291400000000131e+00,-4.434114499999999737e+00,-6.466340999999999894e+00,-2.441892999999999869e+00
5.120000000000000000e+02,-4.184736899999999871e+00,-3.185993500000000367e+00,-8.347659999999999414e+00,-1.813749000000000056e+00
5.130000000000000000e+02,-4.654633300000000418e+00,-4.103131000000000306e+00,-7.642138000000000098e+00,-1.668441000000000063e+00
5.140000000000000000e+02,-8.499087100000000561e+00,-5.272115000000000329e+00,-3.269684399999999869e+01,-3.874589999999999979e+00
5.150000000000000000e+02,-4.248932800000000398e+00,-3.145392499999999814e+00,-1.056765299999999996e+01,-1.912485999999999908e+00
5.160000000000000000e+02,-3.657472699999999577e+00,-2.646241499999999913e+00,-7.651440000000000019e+00,-1.503424000000000094e+00
5.170000000000000000e+02,-6.391293899999999084e+00,-4.226316500000000254e+00,-1.463430499999999945e+01,-2.763616999999999990e+00
5.180000000000000000e+02,-9.154349500000000361e+00,-4.410911999999999722e+00,-3.164879799999999932e+01,-2.096480000000000121e+00
5.190000000000000000e+02,-4.425090400000000201e+00,-3.716826000000000185e+00,-1.106642300000000034e+01,-2.856240000000000112e+00
5.200000000000000000e+02,-4.114702100000000584e+00,-3.785834000000000366e+00,-7.894205000000000361e+00,-1.233138000000000067e+00
5.210000000000000000e+02,-3.984826700000000610e+00,-3.780009000000000174e+00,-5.504703000000000124e+00,-2.387055999999999845e+00
5.220000000000000000e+02,-3.751753200000000454e+00,-3.476509000000000071e+00,-6.205053000000000374e+00,-2.744359000000000215e+00
5.230000000000000000e+02,-4.102373000000000047e+00,-3.429892999999999859e+00,-8.136616000000000071e+00,-2.405353999999999992e+00
5.240000000000000000e+02,-2.944787100000000102e+00,-2.912810000000000343e+00,-3.978702000000000183e+00,-2.184070000000000178e+00
5.250000000000000000e+02,-4.096680600000000005e+00,-4.088132500000000391e+00,-5.731990999999999836e+00,-1.882743999999999973e+00
5.260000000000000000e+02,-5.654255600000000825e+00,-3.400465000000000071e+00,-2.233322100000000177e+01,-2.114863999999999855e+00
5.270000000000000000e+02,-4.724646000000000789e+00,-3.626553499999999985e+00,-1.289909399999999984e+01,-2.539772000000000141e+00
5.280000000000000000e+02,-3.547684200000000398e+00,-3.457318499999999961e+00,-5.586688999999999794e+00,-1.880719999999999947e+00
5.290000000000000000e+02,-4.323014600000000485e+00,-4.308951000000000420e+00,-6.409351000000000020e+00,-2.671847999999999779e+00
5.300000000000000000e+02,-4.503764000000000323e+00,-3.760763499999999926e+00,-9.534048000000000300e+00,-2.217935000000000212e+00
5.310000000000000000e+02,-7.473871599999999837e+00,-4.018885499999999666e+00,-3.819458399999999898e+01,-2.478200000000000180e+00
5.320000000000000000e+02,-5.006991999999999443e+00,-3.853673000000000126e+00,-1.526813499999999912e+01,-1.348643000000000036e+00
5.330000000000000000e+02,-6.874115800000001109e+00,-5.089228999999999559e+00,-2.836354199999999892e+01,-2.588500999999999941e+00
5.340000000000000000e+02,-4.374416499999999708e+00,-4.381567000000000434e+00,-8.225540999999999769e+00,-2.815468000000000082e+00
5.350000000000000000e+02,-5.867025299999999888e+00,-4.522159000000000262e+00,-1.640344299999999933e+01,-3.245388000000000162e+00
5.360000000000000000e+02,-4.928501400000000032e+00,-4.327012999999999998e+00,-8.668977999999999184e+00,-2.600325000000000220e+00
5.370000000000000000e+02,-5.850668199999999430e+00,-4.625078999999999496e+00,-1.465647399999999934e+01,-3.214236999999999789e+00
5.380000000000000000e+02,-7.386840900000000154e+00,-5.185573500000000280e+00,-2.021062600000000131e+01,-2.433072000000000124e+00
5.390000000000000000e+02,-6.658815199999999379e+00,-4.642282999999999937e+00,-2.123770499999999828e+01,-2.226112999999999786e+00
5.400000000000000000e+02,-4.269881200000000376e+00,-3.615794999999999870e+00,-7.748878000000000377e+00,-2.508890000000000065e+00
5.410000000000000000e+02,-3.589552400000000087e+00,-3.271444999999999936e+00,-5.401934999999999931e+00,-2.342201999999999895e+00
5.420000000000000000e+02,-3.994336399999999454e+00,-3.110478500000000146e+00,-7.962428000000000061e+00,-2.089414999999999800e+00
5.430000000000000000e+02,-5.961711600000000111e+00,-3.609487999999999808e+00,-1.851322400000000101e+01,-2.844377000000000155e+00
5.440000000000000000e+02,-4.255095700000000036e+00,-3.505600499999999897e+00,-8.664856999999999587e+00,-2.239498000000000211e+00
5.450000000000000000e+02,-8.103999800000000420e+00,-4.511996500000000410e+00,-3.880850399999999922e+01,-1.880262000000000100e+00
5.460000000000000000e+02,-4.862765299999999513e+00,-3.681773500000000254e+00,-1.220628899999999994e+01,-1.640152999999999972e+00
5.470000000000000000e+02,-5.377018300000000472e+00,-4.241177999999999670e+00,-1.435677699999999923e+01,-2.527152000000000065e+00
5.480000000000000000e+02,-4.070527300000000182e+00,-4.122134499999999591e+00,-5.168842999999999854e+00,-2.921828000000000092e+00
5.490000000000000000e+02,-4.975802400000000070e+00,-4.053954000000000057e+00,-1.347519499999999937e+01,-1.992201000000000111e+00
5.500000000000000000e+02,-4.721652599999999644e+00,-2.741420500000000260e+00,-1.895655000000000001e+01,-1.467964999999999964e+00
5.510000000000000000e+02,-3.906113400000000180e+00,-3.148395499999999902e+00,-7.959546999999999706e+00,-2.278548999999999936e+00
5.520000000000000000e+02,-3.539057099999999512e+00,-3.270716499999999805e+00,-7.281445999999999863e+00,-2.123005000000000031e+00
5.530000000000000000e+02,-4.270635000000000403e+00,-3.330681000000000225e+00,-9.176467000000000596e+00,-2.038759999999999906e+00
5.540000000000000000e+02,-6.398859999999999992e+00,-4.205379499999999382e+00,-2.337574899999999900e+01,-2.598520999999999859e+00
5.550000000000000000e+02,-3.125118300000000016e+00,-3.012610500000000080e+00,-4.509546000000000276e+00,-1.546092000000000022e+00
5.560000000000000000e+02,-3.717444100000000251e+00,-3.898885500000000004e+00,-4.600527999999999729e+00,-1.583512000000000031e+00
5.570000000000000000e+02,-4.773487000000000258e+00,-3.557876999999999956e+00,-1.323933899999999930e+01,-2.147146000000000221e+00
5.580000000000000000e+02,-3.006633900000000192e+00,-2.677172500000000177e+00,-4.405038000000000231e+00,-2.198932999999999804e+00
5.590000000000000000e+02,-8.693536500000002221e+00,-5.303211000000000119e+00,-3.937380900000000139e+01,-1.634235000000000104e+00
5.600000000000000000e+02,-4.528332200000000363e+00,-3.922176499999999955e+00,-8.802678999999999476e+00,-2.829070000000000196e+00
5.610000000000000000e+02,-7.388762800000000297e+00,-4.636312499999999837e+00,-2.655190199999999834e+01,-3.161522000000000165e+00
5.620000000000000000e+02,-4.035133899999999940e+00,-3.394269500000000050e+00,-7.871929999999999872e+00,-1.537767000000000106e+00
5.630000000000000000e+02,-4.270297399999999577e+00,-3.480044499999999985e+00,-8.230214000000000141e+00,-2.640028000000000041e+00
5.640000000000000000e+02,-4.012615700000000452e+00,-3.702739000000000225e+00,-7.135162000000000226e+00,-1.846700999999999926e+00
5.650000000000000000e+02,-8.783772500000001315e+00,-5.961786000000000030e+00,-2.437460799999999850e+01,-2.786134000000000110e+00
5.660000000000000000e+02,-3.863960000000000061e+00,-3.606114999999999959e+00,-6.350653999999999577e+00,-1.979479999999999906e+00
5.670000000000000000e+02,-5.574440600000000856e+00,-3.514495000000000147e+00,-1.701364600000000138e+01,-2.029584999999999972e+00
5.680000000000000000e+02,-3.863845500000000044e+00,-3.165180000000000327e+00,-6.990295999999999843e+00,-2.285932999999999993e+00
5.690000000000000000e+02,-8.640575200000000677e+00,-3.873578500000000258e+00,-3.119413300000000078e+01,-2.854338999999999960e+00
5.700000000000000000e+02,-3.777609799999999574e+00,-3.240573000000000370e+00,-7.277523999999999660e+00,-1.776788999999999952e+00
5.710000000000000000e+02,-4.255060000000000286e+00,-3.447893500000000166e+00,-1.045002599999999937e+01,-2.176200999999999830e+00
5.720000000000000000e+02,-5.988886500000000446e+00,-4.002549500000000648e+00,-1.301875300000000024e+01,-2.559556999999999860e+00
5.730000000000000000e+02,-3.710506899999999941e+00,-3.674725999999999715e+00,-6.343624000000000152e+00,-1.406157000000000101e+00
5.740000000000000000e+02,-3.881590300000000049e+00,-3.364860000000000184e+00,-9.644370999999999583e+00,-2.053936999999999902e+00
5.750000000000000000e+02,-6.531111600000000017e+00,-4.692127000000000159e+00,-1.698635300000000115e+01,-2.290617999999999821e+00
5.760000000000000000e+02,-3.656532199999999566e+00,-3.635481500000000032e+00,-5.280197000000000251e+00,-2.208129000000000008e+00
5.770000000000000000e+02,-4.795971700000000837e+00,-3.691557500000000047e+00,-1.069048599999999993e+01,-1.313935000000000075e+00
5.780000000000000000e+02,-4.729983800000000294e+00,-4.062776500000000013e+00,-7.719159999999999577e+00,-3.592801000000000133e+00
5.790000000000000000e+02,-3.719408200000000164e+00,-3.205218499999999970e+00,-6.594221000000000110e+00,-1.608127000000000084e+00
5.800000000000000000e+02,-5.989793300000000542e+00,-4.221170499999999493e+00,-1.999967099999999931e+01,-1.895855999999999986e+00
5.810000000000000000e+02,-4.123932599999999837e+00,-3.656798000000000215e+00,-7.009122999999999770e+00,-1.512334000000000067e+00
5.820000000000000000e+02,-3.729541300000000170e+00,-3.019646999999999970e+00,-7.205758000000000330e+00,-1.856317999999999913e+00
5.830000000000000000e+02,-3.831193500000000363e+00,-3.584855499999999751e+00,-6.008582999999999785e+00,-1.597058000000000089e+00
5.840000000000000000e+02,-4.186677000000000426e+00,-2.972811000000000092e+00,-1.422822500000000012e+01,-1.538729000000000013e+00
5.850000000000000000e+02,-4.584027299999999805e+00,-3.226639999999999731e+00,-8.154851000000000738e+00,-2.488875000000000171e+00
5.860000000000000000e+02,-3.141512599999999544e+00,-2.729777000000000342e+00,-5.887477999999999767e+00,-1.607374000000000080e+00
5.870000000000000000e+02,-5.657954099999999542e+00,-4.489028000000000240e+00,-1.448879600000000067e+01,-2.227164000000000144e+00
5.880000000000000000e+02,-4.370600500000000110e+00,-4.110327500000000356e+00,-8.671925999999999135e+00,-2.156493999999999911e+00
5.890000000000000000e+02,-4.702918099999999768e+00,-3.698306999999999789e+00,-8.688535999999999149e+00,-2.931294999999999984e+00
5.900000000000000000e+02,-6.352698200000000739e+00,-4.577653999999999890e+00,-1.896711900000000028e+01,-2.511594000000000104e+00
5.910000000000000000e+02,-4.614910800000000535e+00,-4.171025500000000719e+00,-7.468263000000000318e+00,-1.646479999999999944e+00
5.920000000000000000e+02,-5.998381000000000185e+00,-4.086515999999999593e+00,-2.209275200000000083e+01,-1.561204000000000036e+00
5.930000000000000000e+02,-3.598740600000000178e+00,-3.608261999999999858e+00,-4.869844999999999757e+00,-2.002260000000000151e+00
5.940000000000000000e+02,-3.387745699999999971e+00,-3.237440499999999943e+00,-5.430710000000000370e+00,-2.409307000000000087e+00
5.950000000000000000e+02,-5.798850999999999978e+00,-3.146870999999999974e+00,-2.442711299999999852e+01,-1.815873999999999988e+00
5.960000000000000000e+02,-5.495105399999999918e+00,-4.344904999999999795e+00,-1.804597000000000051e+01,-1.497783000000000087e+00
5.970000000000000000e+02,-3.251367699999999417e+00,-2.954036499999999954e+00,-5.675624000000000002e+00,-1.712812000000000001e+00
5.980000000000000000e+02,-6.105837200000000742e+00,-3.793735999999999997e+00,-2.483688100000000176e+01,-2.666993000000000169e+00
5.990000000000000000e+02,-4.121449499999999766e+00,-3.481726000000000099e+00,-8.940960000000000463e+00,-2.236327999999999872e+00
6.000000000000000000e+02,-5.656334599999999213e+00,-4.011280499999999805e+00,-1.627256399999999914e+01,-2.263625999999999916e+00
