# {"t_start": 1587202739.918505, "env_id": "MountainToyCar-v1"} 
r,l,t
-400.0,400,0.443259
-400.0,400,0.722973
-400.0,400,1.004927
-400.0,400,1.283877
-400.0,400,1.563176
-400.0,400,35.451584
-400.0,400,35.761329
-400.0,400,36.059481
-400.0,400,36.351042
-400.0,400,36.642071
-400.0,400,47.43806
-400.0,400,47.736538
-400.0,400,48.027597
-400.0,400,48.322344
-400.0,400,48.613139
-400.0,400,59.585645
-400.0,400,59.903161
-400.0,400,60.198523
-400.0,400,60.501045
-400.0,400,60.795752
-400.0,400,71.723533
-400.0,400,72.034244
-400.0,400,72.346555
-400.0,400,72.663121
-400.0,400,72.978486
-400.0,400,84.317969
-400.0,400,84.621943
-400.0,400,84.928488
-400.0,400,85.235757
-400.0,400,85.540409
-400.0,400,96.599767
-400.0,400,96.906791
-400.0,400,97.210719
-400.0,400,97.518783
-400.0,400,97.822562
-400.0,400,109.027175
-400.0,400,109.328119
-400.0,400,109.629696
-400.0,400,109.929258
-400.0,400,110.233918
-400.0,400,120.975171
-400.0,400,121.276604
-400.0,400,121.576461
-400.0,400,121.875664
-400.0,400,122.176533
-400.0,400,122.477747
-400.0,400,133.254053
-400.0,400,133.542668
-400.0,400,133.829895
-400.0,400,134.130866
-400.0,400,134.430639
-400.0,400,145.110456
-400.0,400,145.40861
-400.0,400,145.709428
-400.0,400,146.006909
-400.0,400,146.294528
-400.0,400,157.069895
-400.0,400,157.372559
-400.0,400,157.675811
-400.0,400,157.974177
-400.0,400,158.262251
-400.0,400,168.921857
-400.0,400,169.212307
-400.0,400,169.500736
-400.0,400,169.792586
-400.0,400,170.082051
-400.0,400,180.912807
-400.0,400,181.211856
-400.0,400,181.51216
-400.0,400,181.814597
-400.0,400,182.106498
-400.0,400,192.84133
-400.0,400,193.130538
-400.0,400,193.43107
-400.0,400,193.735773
-400.0,400,194.028672
-400.0,400,204.792288
-400.0,400,205.08028
-400.0,400,205.369612
-400.0,400,205.662181
-400.0,400,205.955179
-400.0,400,216.671738
-400.0,400,216.971882
-400.0,400,217.274245
-400.0,400,217.578439
-400.0,400,217.876416
-400.0,400,218.168358
-400.0,400,228.809008
-400.0,400,229.096304
-400.0,400,229.390178
-400.0,400,229.689055
-400.0,400,229.982559
-400.0,400,240.797307
-400.0,400,241.090179
-400.0,400,241.378853
-400.0,400,241.672894
-400.0,400,241.960249
-400.0,400,252.597155
-400.0,400,252.896165
-400.0,400,253.18207
-400.0,400,253.478051
-400.0,400,253.765333
-400.0,400,264.533895
-400.0,400,264.820043
-400.0,400,265.107592
-400.0,400,265.401175
-400.0,400,265.68659
-400.0,400,276.378881
-400.0,400,276.677156
-400.0,400,276.973075
-400.0,400,277.267299
-400.0,400,277.558077
-400.0,400,288.198982
-400.0,400,288.492672
-400.0,400,288.79305
-400.0,400,289.092564
-400.0,400,289.389007
-400.0,400,300.176131
-400.0,400,300.464787
-400.0,400,300.753439
-400.0,400,301.04467
-400.0,400,301.332265
-400.0,400,311.987423
-400.0,400,312.276529
-400.0,400,312.566149
-400.0,400,312.860378
-400.0,400,313.147908
-400.0,400,313.438907
-400.0,400,324.05116
-400.0,400,324.340002
-400.0,400,324.640292
-400.0,400,324.929307
-400.0,400,325.218588
-400.0,400,359.251927
-400.0,400,359.560777
-400.0,400,359.853114
-400.0,400,360.13935
-400.0,400,360.422743
-400.0,400,370.915393
-400.0,400,371.19505
-400.0,400,371.475873
-400.0,400,371.757929
-400.0,400,372.044656
-400.0,400,382.70613
-400.0,400,382.995097
-400.0,400,383.291011
-400.0,400,383.580085
-400.0,400,383.871814
-400.0,400,394.405008
-400.0,400,394.693927
-400.0,400,394.991863
-400.0,400,395.292708
-400.0,400,395.596373
-400.0,400,406.355881
-400.0,400,406.658085
-400.0,400,406.958417
-400.0,400,407.246167
-400.0,400,407.533589
-400.0,400,418.080004
-400.0,400,418.369251
-400.0,400,418.661326
-400.0,400,418.954985
-400.0,400,419.259932
-400.0,400,430.007929
-400.0,400,430.296486
-400.0,400,430.587643
-400.0,400,430.874686
-400.0,400,431.162825
-400.0,400,441.679561
-400.0,400,441.972626
-400.0,400,442.267192
-400.0,400,442.555447
-400.0,400,442.84285
-400.0,400,443.132492
-400.0,400,453.748974
-400.0,400,454.03831
-400.0,400,454.329211
-400.0,400,454.622949
-400.0,400,454.915902
-400.0,400,465.228349
-400.0,400,465.520931
-400.0,400,465.813111
-400.0,400,466.096656
-400.0,400,466.379151
-400.0,400,476.942886
-400.0,400,477.244276
-400.0,400,477.533588
-400.0,400,477.821596
-400.0,400,478.112452
-400.0,400,488.781219
-400.0,400,489.064447
-400.0,400,489.349895
-400.0,400,489.643693
-400.0,400,489.932293
-400.0,400,500.54912
-400.0,400,500.856042
-400.0,400,501.14508
-400.0,400,501.435424
-400.0,400,501.72526
-400.0,400,512.440273
-400.0,400,512.722889
-400.0,400,513.009813
-400.0,400,513.303177
-400.0,400,513.596063
-400.0,400,524.17635
-400.0,400,524.467195
-400.0,400,524.755447
-400.0,400,525.043011
-400.0,400,525.33523
-400.0,400,535.834113
-400.0,400,536.143273
-400.0,400,536.446501
-400.0,400,536.750794
-400.0,400,537.046705
-400.0,400,537.338987
-400.0,400,548.064578
-400.0,400,548.358591
-400.0,400,548.653584
-400.0,400,548.945074
-400.0,400,549.237973
-400.0,400,560.271656
-400.0,400,560.668127
-400.0,400,561.058284
-400.0,400,561.471538
-400.0,400,561.895423
-400.0,400,573.835642
-400.0,400,574.147403
-400.0,400,574.465482
-400.0,400,574.77006
-400.0,400,575.071587
-400.0,400,586.069892
-400.0,400,586.355641
-400.0,400,586.6404
-400.0,400,586.922016
-400.0,400,587.205976
-400.0,400,597.778532
-400.0,400,598.072873
-400.0,400,598.360401
-400.0,400,598.649262
-400.0,400,598.937544
-400.0,400,609.597262
-400.0,400,609.887415
-400.0,400,610.177242
-400.0,400,610.465153
-400.0,400,610.75387
-400.0,400,621.937397
-400.0,400,622.250159
-400.0,400,622.557162
-400.0,400,622.862528
-400.0,400,623.152818
-400.0,400,635.380143
-400.0,400,635.723383
-400.0,400,636.041621
-400.0,400,636.350013
-400.0,400,636.667699
-400.0,400,637.02424
-400.0,400,648.424582
-400.0,400,648.722051
-400.0,400,649.046723
-400.0,400,649.364297
-400.0,400,649.668323
-400.0,400,684.101783
-400.0,400,684.388623
-400.0,400,684.682593
-400.0,400,684.986183
-400.0,400,685.278236
-400.0,400,696.078911
-400.0,400,696.380607
-400.0,400,696.683854
-400.0,400,696.983223
-400.0,400,697.272284
-400.0,400,707.891047
-400.0,400,708.172483
-400.0,400,708.46697
-400.0,400,708.758952
-400.0,400,709.044056
-400.0,400,719.750413
-400.0,400,720.036009
-400.0,400,720.329636
-400.0,400,720.623565
-400.0,400,720.911934
-400.0,400,731.540956
-400.0,400,731.835727
-400.0,400,732.126831
-400.0,400,732.420702
-400.0,400,732.714933
-400.0,400,743.256738
-400.0,400,743.535848
-400.0,400,743.8165
-400.0,400,744.106038
-400.0,400,744.397673
-400.0,400,754.942169
-400.0,400,755.226449
-400.0,400,755.519221
-400.0,400,755.81855
-400.0,400,756.121362
-400.0,400,767.132766
-400.0,400,767.458001
-400.0,400,767.804428
-400.0,400,768.16067
-400.0,400,768.486841
-400.0,400,768.85378
-400.0,400,780.251495
-400.0,400,780.578156
-400.0,400,780.867115
-400.0,400,781.162022
-400.0,400,781.459251
-400.0,400,792.568011
-400.0,400,792.877713
-400.0,400,793.167038
-400.0,400,793.457508
-400.0,400,793.749978
-400.0,400,804.561568
-400.0,400,804.863235
-400.0,400,805.163028
-400.0,400,805.455466
-400.0,400,805.7589
-400.0,400,816.374901
-400.0,400,816.666502
-400.0,400,816.960704
-400.0,400,817.257822
-400.0,400,817.552568
-400.0,400,828.146924
-400.0,400,828.441767
-400.0,400,828.737257
-400.0,400,829.023088
-400.0,400,829.305825
-400.0,400,840.035708
-400.0,400,840.331007
-400.0,400,840.624828
-400.0,400,840.914224
-400.0,400,841.207213
-400.0,400,851.797385
-400.0,400,852.082263
-400.0,400,852.363452
-400.0,400,852.644793
-400.0,400,852.931605
-400.0,400,863.457262
-400.0,400,863.740589
-400.0,400,864.022412
-400.0,400,864.308822
-400.0,400,864.609739
-400.0,400,864.897265
-400.0,400,875.417085
-400.0,400,875.709824
-400.0,400,876.00843
-400.0,400,876.299948
-400.0,400,876.590229
-400.0,400,887.122794
-400.0,400,887.411393
-400.0,400,887.700862
-400.0,400,887.988236
-400.0,400,888.27688
-400.0,400,898.9445
-400.0,400,899.246728
-400.0,400,899.531086
-400.0,400,899.820883
-400.0,400,900.103983
-400.0,400,910.628231
-400.0,400,910.920017
-400.0,400,911.208915
-400.0,400,911.499547
-400.0,400,911.791079
-400.0,400,922.296886
-400.0,400,922.586948
-400.0,400,922.877625
-400.0,400,923.159079
-400.0,400,923.441178
-400.0,400,933.97956
-400.0,400,934.274174
-400.0,400,934.56622
-400.0,400,934.857098
-400.0,400,935.14211
-400.0,400,945.701439
-400.0,400,945.993525
-400.0,400,946.281564
-400.0,400,946.568162
-400.0,400,946.859908
-400.0,400,957.558091
-400.0,400,957.84723
-400.0,400,958.13926
-400.0,400,958.42699
-400.0,400,958.715613
-400.0,400,959.002129
-400.0,400,969.531791
-400.0,400,969.822389
-400.0,400,970.113531
-400.0,400,970.405257
-400.0,400,970.697304
-400.0,400,1005.278317
-400.0,400,1005.559772
-400.0,400,1005.843074
-400.0,400,1006.128725
-400.0,400,1006.412238
-400.0,400,1017.00812
-400.0,400,1017.311589
-400.0,400,1017.625609
-400.0,400,1017.928069
-400.0,400,1018.22243
-400.0,400,1029.298947
-400.0,400,1029.603192
-400.0,400,1029.900692
-400.0,400,1030.201703
-400.0,400,1030.494612
-400.0,400,1041.764305
-400.0,400,1042.07872
-400.0,400,1042.368146
-400.0,400,1042.712006
-400.0,400,1043.0051
-400.0,400,1053.758514
-400.0,400,1054.041399
-400.0,400,1054.323992
-400.0,400,1054.613102
-400.0,400,1054.896099
-400.0,400,1065.683223
-400.0,400,1065.965506
-400.0,400,1066.2674
-400.0,400,1066.563577
-400.0,400,1066.859843
-400.0,400,1077.462337
-400.0,400,1077.754434
-400.0,400,1078.046137
-400.0,400,1078.349325
-400.0,400,1078.64277
-400.0,400,1089.266357
-400.0,400,1089.550447
-400.0,400,1089.830488
-400.0,400,1090.121806
-400.0,400,1090.414215
-400.0,400,1090.706411
-400.0,400,1101.565589
-400.0,400,1101.854504
-400.0,400,1102.147968
-400.0,400,1102.442243
-400.0,400,1102.737083
-400.0,400,1113.274676
-400.0,400,1113.554667
-400.0,400,1113.845015
-400.0,400,1114.135431
-400.0,400,1114.428509
-400.0,400,1124.981617
-400.0,400,1125.269786
-400.0,400,1125.565069
-400.0,400,1125.855761
-400.0,400,1126.133659
-400.0,400,1136.685434
-400.0,400,1136.974601
-400.0,400,1137.269345
-400.0,400,1137.560918
-400.0,400,1137.851386
-400.0,400,1148.540019
-400.0,400,1148.832625
-400.0,400,1149.118178
-400.0,400,1149.397293
-400.0,400,1149.6799
-400.0,400,1160.218129
-400.0,400,1160.502712
-400.0,400,1160.795514
-400.0,400,1161.080474
-400.0,400,1161.362439
-400.0,400,1171.930424
-400.0,400,1172.212193
-400.0,400,1172.501503
-400.0,400,1172.79476
-400.0,400,1173.078083
-400.0,400,1183.66317
-400.0,400,1183.950884
-400.0,400,1184.242237
-400.0,400,1184.531259
-400.0,400,1184.826089
-400.0,400,1185.108886
-400.0,400,1195.713462
-400.0,400,1196.006503
-400.0,400,1196.299647
-400.0,400,1196.590037
-400.0,400,1196.880979
-400.0,400,1207.529086
-400.0,400,1207.818759
-400.0,400,1208.098534
-400.0,400,1208.379449
-400.0,400,1208.659673
-400.0,400,1219.13746
-400.0,400,1219.422566
-400.0,400,1219.70386
-400.0,400,1219.986014
-400.0,400,1220.267248
-400.0,400,1230.92581
-400.0,400,1231.208786
-400.0,400,1231.493863
-400.0,400,1231.775759
-400.0,400,1232.05578
-400.0,400,1242.675762
-400.0,400,1242.977307
-400.0,400,1243.269036
-400.0,400,1243.559902
-400.0,400,1243.849253
-400.0,400,1254.358348
-400.0,400,1254.641005
-400.0,400,1254.933501
-400.0,400,1255.215211
-400.0,400,1255.498719
-400.0,400,1266.47901
-400.0,400,1266.962615
-400.0,400,1267.329205
-400.0,400,1267.878727
-400.0,400,1268.310477
-400.0,400,1282.461288
-400.0,400,1282.88216
-400.0,400,1283.361346
-400.0,400,1283.819096
-400.0,400,1284.312399
-400.0,400,1284.810848
-400.0,400,1298.811134
-400.0,400,1299.138376
-400.0,400,1299.466328
-400.0,400,1299.791653
-400.0,400,1300.093607
-400.0,400,1338.807894
-400.0,400,1339.183159
-400.0,400,1339.559357
-400.0,400,1339.954112
-400.0,400,1340.319131
-400.0,400,1352.456509
-400.0,400,1352.7718
-400.0,400,1353.066758
-400.0,400,1353.373275
-400.0,400,1353.693789
-400.0,400,1365.035532
-400.0,400,1365.350624
-400.0,400,1365.670319
-400.0,400,1366.009497
-400.0,400,1366.332605
-400.0,400,1377.608057
-400.0,400,1377.901338
-400.0,400,1378.208585
-400.0,400,1378.505585
-400.0,400,1378.799156
-400.0,400,1389.660167
-400.0,400,1389.952949
-400.0,400,1390.244195
-400.0,400,1390.531624
-400.0,400,1390.82105
-400.0,400,1401.790853
-400.0,400,1402.083478
-400.0,400,1402.37588
-400.0,400,1402.662237
-400.0,400,1402.951852
-400.0,400,1413.738028
-400.0,400,1414.024056
-400.0,400,1414.316285
-400.0,400,1414.60448
-400.0,400,1414.893173
-400.0,400,1425.53057
-400.0,400,1425.82041
-400.0,400,1426.112853
-400.0,400,1426.398514
-400.0,400,1426.685868
-400.0,400,1426.974669
-400.0,400,1437.631139
-400.0,400,1437.921776
-400.0,400,1438.209963
-400.0,400,1438.497216
-400.0,400,1438.783501
-400.0,400,1449.408125
-400.0,400,1449.707323
-400.0,400,1449.995191
-400.0,400,1450.284347
-400.0,400,1450.578493
-400.0,400,1461.241813
-400.0,400,1461.526221
-400.0,400,1461.807078
-400.0,400,1462.087385
-400.0,400,1462.366932
-400.0,400,1472.856131
-400.0,400,1473.140906
-400.0,400,1473.419176
-400.0,400,1473.697744
-400.0,400,1473.97433
-400.0,400,1484.582218
-400.0,400,1484.878949
-400.0,400,1485.161699
-400.0,400,1485.442314
-400.0,400,1485.724131
-400.0,400,1496.311964
-400.0,400,1496.597163
-400.0,400,1496.888445
-400.0,400,1497.171919
-400.0,400,1497.452526
-400.0,400,1508.027131
-400.0,400,1508.312471
-400.0,400,1508.59155
-400.0,400,1508.872548
-400.0,400,1509.163361
-400.0,400,1519.682585
-400.0,400,1519.969299
-400.0,400,1520.25059
-400.0,400,1520.530174
-400.0,400,1520.808607
-400.0,400,1521.089894
-400.0,400,1531.601466
-400.0,400,1531.883248
-400.0,400,1532.163266
-400.0,400,1532.44474
-400.0,400,1532.724836
-400.0,400,1543.272186
-400.0,400,1543.561931
-400.0,400,1543.853678
-400.0,400,1544.1346
-400.0,400,1544.414937
-400.0,400,1554.988618
-400.0,400,1555.277727
-400.0,400,1555.569169
-400.0,400,1555.860923
-400.0,400,1556.151653
-400.0,400,1566.776587
-400.0,400,1567.066105
-400.0,400,1567.361194
-400.0,400,1567.656121
-400.0,400,1567.949283
-400.0,400,1578.875791
-400.0,400,1579.231394
-400.0,400,1579.549841
-400.0,400,1579.985059
-400.0,400,1580.353772
-400.0,400,1592.386048
-400.0,400,1592.730014
-400.0,400,1593.040361
-400.0,400,1593.375656
-400.0,400,1593.679178
-400.0,400,1604.580174
-400.0,400,1604.866217
-400.0,400,1605.170463
-400.0,400,1605.464066
-400.0,400,1605.761945
-400.0,400,1616.509017
-400.0,400,1616.798997
-400.0,400,1617.08479
-400.0,400,1617.368467
-400.0,400,1617.653858
-400.0,400,1617.939653
-400.0,400,1628.573936
-400.0,400,1628.866974
-400.0,400,1629.160758
-400.0,400,1629.454553
-400.0,400,1629.746669
-400.0,400,1663.665144
-400.0,400,1663.954339
-400.0,400,1664.245689
-400.0,400,1664.540436
-400.0,400,1664.831762
-400.0,400,1675.283251
-400.0,400,1675.564005
-400.0,400,1675.844684
-400.0,400,1676.139251
-400.0,400,1676.426544
-400.0,400,1687.016942
-400.0,400,1687.298954
-400.0,400,1687.581983
-400.0,400,1687.860983
-400.0,400,1688.145901
-400.0,400,1698.822451
-400.0,400,1699.10382
-400.0,400,1699.384191
-400.0,400,1699.665465
-400.0,400,1699.94641
-400.0,400,1710.527307
-400.0,400,1710.813109
-400.0,400,1711.10553
-400.0,400,1711.400038
-400.0,400,1711.692117
-400.0,400,1722.186573
-400.0,400,1722.469406
-400.0,400,1722.752472
-400.0,400,1723.034588
-400.0,400,1723.321026
-400.0,400,1733.873255
-400.0,400,1734.153088
-400.0,400,1734.433954
-400.0,400,1734.731426
-400.0,400,1735.020936
-400.0,400,1745.629757
-400.0,400,1745.922498
-400.0,400,1746.213043
-400.0,400,1746.506132
-400.0,400,1746.797607
-400.0,400,1747.083371
-400.0,400,1757.852726
-400.0,400,1758.152662
-400.0,400,1758.446929
-400.0,400,1758.752412
-400.0,400,1759.052734
-400.0,400,1772.134174
-400.0,400,1772.43788
-400.0,400,1772.740281
-400.0,400,1773.059204
-400.0,400,1773.374209
-400.0,400,1784.488966
-400.0,400,1784.78317
-400.0,400,1785.082986
-400.0,400,1785.399179
-400.0,400,1785.703784
-400.0,400,1796.546952
-400.0,400,1796.847056
-400.0,400,1797.165992
-400.0,400,1797.478554
-400.0,400,1797.785983
-400.0,400,1808.754715
-400.0,400,1809.05521
-400.0,400,1809.353721
-400.0,400,1809.641867
-400.0,400,1809.936082
-400.0,400,1820.486662
-400.0,400,1820.781105
-400.0,400,1821.070226
-400.0,400,1821.351702
-400.0,400,1821.635962
-400.0,400,1832.317502
-400.0,400,1832.634751
-400.0,400,1832.950402
-400.0,400,1833.26838
-400.0,400,1833.592292
-400.0,400,1844.197072
-400.0,400,1844.477457
-400.0,400,1844.757119
-400.0,400,1845.03676
-400.0,400,1845.32222
-400.0,400,1845.606673
-400.0,400,1856.768824
-400.0,400,1857.067595
-400.0,400,1857.371545
-400.0,400,1857.700679
-400.0,400,1858.014832
-400.0,400,1871.027434
-400.0,400,1871.428044
-400.0,400,1871.8895
-400.0,400,1872.192139
-400.0,400,1872.506554
-400.0,400,1883.766779
-400.0,400,1884.05929
-400.0,400,1884.351587
-400.0,400,1884.648841
-400.0,400,1884.939478
-400.0,400,1895.637382
-400.0,400,1895.928518
-400.0,400,1896.21197
-400.0,400,1896.493689
-400.0,400,1896.776795
-400.0,400,1907.829375
-400.0,400,1908.134522
-400.0,400,1908.435558
-400.0,400,1908.737767
-400.0,400,1909.060842
-400.0,400,1919.775969
-400.0,400,1920.079904
-400.0,400,1920.386869
-400.0,400,1920.69072
-400.0,400,1920.988745
-400.0,400,1931.61119
-400.0,400,1931.904025
-400.0,400,1932.183066
-400.0,400,1932.464493
-400.0,400,1932.747759
-400.0,400,1943.376534
-400.0,400,1943.669798
-400.0,400,1943.96145
-400.0,400,1944.242239
-400.0,400,1944.529974
-400.0,400,1944.810794
-400.0,400,1955.394358
-400.0,400,1955.673402
-400.0,400,1955.956664
-400.0,400,1956.24123
-400.0,400,1956.523785
-400.0,400,1991.093663
-400.0,400,1991.397626
-400.0,400,1991.70144
-400.0,400,1992.000742
-400.0,400,1992.28802
-400.0,400,2002.89561
-400.0,400,2003.174677
-400.0,400,2003.456406
-400.0,400,2003.736803
-400.0,400,2004.018607
-400.0,400,2014.505905
-400.0,400,2014.787106
-400.0,400,2015.068988
-400.0,400,2015.353
-400.0,400,2015.634269
-400.0,400,2026.017975
-400.0,400,2026.335613
-400.0,400,2026.634039
-400.0,400,2026.933677
-400.0,400,2027.220155
-400.0,400,2037.656555
-400.0,400,2037.935184
-400.0,400,2038.224239
-400.0,400,2038.509992
-400.0,400,2038.800997
-400.0,400,2049.420315
-400.0,400,2049.702289
-400.0,400,2049.983771
-400.0,400,2050.266018
-400.0,400,2050.550402
-400.0,400,2061.018468
-400.0,400,2061.30817
-400.0,400,2061.600916
-400.0,400,2061.892252
-400.0,400,2062.173396
-400.0,400,2072.672971
-400.0,400,2072.974313
-400.0,400,2073.280417
-400.0,400,2073.585195
-400.0,400,2073.888107
-400.0,400,2074.173951
-400.0,400,2084.59081
-400.0,400,2084.870573
-400.0,400,2085.155398
-400.0,400,2085.438573
-400.0,400,2085.725881
-400.0,400,2097.03495
-400.0,400,2097.357536
-400.0,400,2097.71983
-400.0,400,2098.030216
-400.0,400,2098.457955
-400.0,400,2111.41685
-400.0,400,2111.80265
-400.0,400,2112.145117
-400.0,400,2112.57443
-400.0,400,2112.930924
-400.0,400,2125.551004
-400.0,400,2125.871514
-400.0,400,2126.207052
-400.0,400,2126.521555
-400.0,400,2126.833147
-400.0,400,2138.384491
-400.0,400,2138.690666
-400.0,400,2138.997293
-400.0,400,2139.317971
-400.0,400,2139.624029
-400.0,400,2150.875704
-400.0,400,2151.174145
-400.0,400,2151.468541
-400.0,400,2151.767759
-400.0,400,2152.067026
-400.0,400,2163.009402
-400.0,400,2163.299892
-400.0,400,2163.587011
-400.0,400,2163.880741
-400.0,400,2164.178924
-400.0,400,2175.036481
-400.0,400,2175.329189
-400.0,400,2175.615444
-400.0,400,2175.90824
-400.0,400,2176.206254
-400.0,400,2176.497158
-400.0,400,2187.378804
-400.0,400,2187.753909
-400.0,400,2188.090584
-400.0,400,2188.407555
-400.0,400,2188.861915
-400.0,400,2201.266735
-400.0,400,2201.592314
-400.0,400,2201.947634
-400.0,400,2202.317265
-400.0,400,2202.639916
-400.0,400,2215.185624
-400.0,400,2215.550484
-400.0,400,2215.890953
-400.0,400,2216.230689
-400.0,400,2216.560127
-400.0,400,2227.693516
-400.0,400,2228.005818
-400.0,400,2228.330024
-400.0,400,2228.61646
-400.0,400,2229.034636
-400.0,400,2240.736604
-400.0,400,2241.018505
-400.0,400,2241.307478
-400.0,400,2241.598851
-400.0,400,2241.885329
-400.0,400,2252.944854
-400.0,400,2253.255751
-400.0,400,2253.549946
-400.0,400,2253.859166
-400.0,400,2254.151778
-400.0,400,2266.024363
-400.0,400,2266.353513
-400.0,400,2266.791461
-400.0,400,2267.124095
-400.0,400,2267.483784
-400.0,400,2278.618894
-400.0,400,2278.916269
-400.0,400,2279.264542
-400.0,400,2279.552589
-400.0,400,2279.838266
-400.0,400,2280.119894
-400.0,400,2290.73826
-400.0,400,2291.024299
-400.0,400,2291.331316
-400.0,400,2291.643891
-400.0,400,2291.926255
-400.0,400,2326.405529
-400.0,400,2326.716166
-400.0,400,2327.024199
-400.0,400,2327.339088
-400.0,400,2327.655624
-400.0,400,2338.614986
-400.0,400,2338.912686
-400.0,400,2339.24322
-400.0,400,2339.534438
-400.0,400,2339.821904
-400.0,400,2350.44546
-400.0,400,2350.738945
-400.0,400,2351.024012
-400.0,400,2351.306856
-400.0,400,2351.590506
-400.0,400,2363.028397
-400.0,400,2363.318647
-400.0,400,2363.611205
-400.0,400,2363.903726
-400.0,400,2364.205391
-400.0,400,2375.00825
-400.0,400,2375.304934
-400.0,400,2375.590248
-400.0,400,2375.874523
-400.0,400,2376.155776
-400.0,400,2386.996432
-400.0,400,2387.298588
-400.0,400,2387.586482
-400.0,400,2387.876244
-400.0,400,2388.155577
-400.0,400,2398.941214
-400.0,400,2399.248461
-400.0,400,2399.544442
-400.0,400,2399.832568
-400.0,400,2400.112011
-400.0,400,2410.938015
-400.0,400,2411.242558
-400.0,400,2411.548532
-400.0,400,2411.842972
-400.0,400,2412.129139
-400.0,400,2412.415011
-400.0,400,2423.280831
-400.0,400,2423.564395
-400.0,400,2423.848357
-400.0,400,2424.13329
-400.0,400,2424.417202
-400.0,400,2434.855898
-400.0,400,2435.13834
-400.0,400,2435.42471
-400.0,400,2435.707944
-400.0,400,2436.020796
-400.0,400,2446.576297
-400.0,400,2446.858951
-400.0,400,2447.150645
-400.0,400,2447.443602
-400.0,400,2447.73486
-400.0,400,2458.261002
-400.0,400,2458.541899
-400.0,400,2458.823941
-400.0,400,2459.105223
-400.0,400,2459.411014
-400.0,400,2469.948676
-400.0,400,2470.228142
-400.0,400,2470.508593
-400.0,400,2470.787749
-400.0,400,2471.070908
-400.0,400,2481.581784
-400.0,400,2481.87345
-400.0,400,2482.163552
-400.0,400,2482.454651
-400.0,400,2482.747084
-400.0,400,2493.509486
-400.0,400,2493.846171
-400.0,400,2494.310647
-400.0,400,2494.705139
-400.0,400,2495.044985
-400.0,400,2507.68902
-400.0,400,2508.048048
-400.0,400,2508.396921
-400.0,400,2508.713749
-400.0,400,2509.022558
-400.0,400,2509.343748
-400.0,400,2521.097378
-400.0,400,2521.42203
-400.0,400,2521.728397
-400.0,400,2522.024935
-400.0,400,2522.364424
-400.0,400,2534.487013
-400.0,400,2534.920698
-400.0,400,2535.346616
-400.0,400,2535.661286
-400.0,400,2535.991913
-400.0,400,2548.723123
-400.0,400,2549.121472
-400.0,400,2549.500507
-400.0,400,2549.854502
-400.0,400,2550.189315
-400.0,400,2562.450542
-400.0,400,2562.787721
-400.0,400,2563.130542
-400.0,400,2563.580614
-400.0,400,2563.963912
-400.0,400,2576.346812
-400.0,400,2576.803703
-400.0,400,2577.197808
-400.0,400,2577.606604
-400.0,400,2577.965593
-400.0,400,2590.071442
-400.0,400,2590.371871
-400.0,400,2590.698673
-400.0,400,2591.099885
-400.0,400,2591.462747
-400.0,400,2603.726132
-400.0,400,2604.026816
-400.0,400,2604.352506
-400.0,400,2604.718085
-400.0,400,2605.050188
-400.0,400,2616.920187
-400.0,400,2617.232411
-400.0,400,2617.568697
-400.0,400,2617.923679
-400.0,400,2618.259481
-400.0,400,2618.594362
-400.0,400,2630.715829
-400.0,400,2631.045291
-400.0,400,2631.385615
-400.0,400,2631.812824
-400.0,400,2632.185074
-400.0,400,2672.386855
-400.0,400,2672.732516
-400.0,400,2673.046576
-400.0,400,2673.375675
-400.0,400,2673.682633
-400.0,400,2685.317566
-400.0,400,2685.638765
-400.0,400,2685.962125
-400.0,400,2686.280336
-400.0,400,2686.588533
-400.0,400,2698.585873
-400.0,400,2698.91749
-400.0,400,2699.284163
-400.0,400,2699.596955
-400.0,400,2699.914041
-400.0,400,2712.089059
-400.0,400,2712.456456
-400.0,400,2712.827337
-400.0,400,2713.149021
-400.0,400,2713.510705
-400.0,400,2725.37106
-400.0,400,2725.69487
-400.0,400,2726.016541
-400.0,400,2726.331932
-400.0,400,2726.646906
-400.0,400,2738.520775
-400.0,400,2738.843014
-400.0,400,2739.16232
-400.0,400,2739.481475
-400.0,400,2739.793046
-400.0,400,2751.873176
-400.0,400,2752.189757
-400.0,400,2752.512234
-400.0,400,2752.824367
-400.0,400,2753.146981
-400.0,400,2764.985774
-400.0,400,2765.309741
-400.0,400,2765.639471
-400.0,400,2765.950341
-400.0,400,2766.259577
-400.0,400,2766.581153
-400.0,400,2778.180544
-400.0,400,2778.504992
-400.0,400,2778.823758
-400.0,400,2779.126996
-400.0,400,2779.47494
-400.0,400,2791.829561
-400.0,400,2792.147201
-400.0,400,2792.471104
-400.0,400,2792.794196
-400.0,400,2793.106601
-400.0,400,2804.897161
-400.0,400,2805.275588
-400.0,400,2805.610663
-400.0,400,2805.922041
-400.0,400,2806.233468
-400.0,400,2817.856036
-400.0,400,2818.176723
-400.0,400,2818.500899
-400.0,400,2818.809949
-400.0,400,2819.133507
-400.0,400,2831.039941
-400.0,400,2831.407106
-400.0,400,2831.789681
-400.0,400,2832.124614
-400.0,400,2832.457669
-400.0,400,2844.353165
-400.0,400,2844.676889
-400.0,400,2844.993172
-400.0,400,2845.299389
-400.0,400,2845.642448
-400.0,400,2857.149448
-400.0,400,2857.552865
-400.0,400,2857.956272
-400.0,400,2858.315299
-400.0,400,2858.654506
-400.0,400,2871.59644
-400.0,400,2872.016346
-400.0,400,2872.40723
-400.0,400,2872.767041
-400.0,400,2873.085007
-400.0,400,2873.409075
-400.0,400,2885.510878
-400.0,400,2885.868197
-400.0,400,2886.204927
-400.0,400,2886.597846
-400.0,400,2886.990875
-400.0,400,2899.484168
-400.0,400,2899.884389
-400.0,400,2900.263748
-400.0,400,2900.600073
-400.0,400,2900.955991
-400.0,400,2913.134749
-400.0,400,2913.467401
-400.0,400,2913.794393
-400.0,400,2914.112866
-400.0,400,2914.454343
-400.0,400,2926.466563
-400.0,400,2926.800053
-400.0,400,2927.134432
-400.0,400,2927.452173
-400.0,400,2927.794873
-400.0,400,2939.791166
-400.0,400,2940.127411
-400.0,400,2940.453248
-400.0,400,2940.774304
-400.0,400,2941.103338
-400.0,400,2952.995562
-400.0,400,2953.329909
-400.0,400,2953.660133
-400.0,400,2953.98421
-400.0,400,2954.309513
-400.0,400,2966.22853
-400.0,400,2966.564869
-400.0,400,2966.909211
-400.0,400,2967.238546
-400.0,400,2967.566385
-400.0,400,2979.458391
-400.0,400,2979.793482
-400.0,400,2980.125674
-400.0,400,2980.450863
-400.0,400,2980.780774
-400.0,400,2981.112998
-400.0,400,2992.738054
-400.0,400,2993.058112
-400.0,400,2993.369534
-400.0,400,2993.685537
-400.0,400,2994.004213
-400.0,400,3031.78298
-400.0,400,3032.106638
-400.0,400,3032.420302
-400.0,400,3032.729566
-400.0,400,3033.042901
-400.0,400,3044.728928
-400.0,400,3045.051899
-400.0,400,3045.379619
-400.0,400,3045.696589
-400.0,400,3046.010093
-400.0,400,3057.685328
-400.0,400,3058.00347
-400.0,400,3058.328966
-400.0,400,3058.636848
-400.0,400,3058.949514
-400.0,400,3070.628263
-400.0,400,3070.945413
-400.0,400,3071.269054
-400.0,400,3071.585517
-400.0,400,3071.897093
-400.0,400,3083.513622
-400.0,400,3083.833676
-400.0,400,3084.145004
-400.0,400,3084.465141
-400.0,400,3084.794424
-400.0,400,3096.503528
-400.0,400,3096.831166
-400.0,400,3097.156799
-400.0,400,3097.482778
-400.0,400,3097.803735
-400.0,400,3109.627669
-400.0,400,3109.946898
-400.0,400,3110.269139
-400.0,400,3110.576652
-400.0,400,3110.894389
-400.0,400,3122.595885
-400.0,400,3122.983662
-400.0,400,3123.349721
-400.0,400,3123.690946
-400.0,400,3124.028101
-400.0,400,3124.611941
-400.0,400,3136.005407
-400.0,400,3136.293776
-400.0,400,3136.577186
-400.0,400,3136.863123
-400.0,400,3137.146731
-400.0,400,3147.941359
-400.0,400,3148.237204
-400.0,400,3148.524208
-400.0,400,3148.811507
-400.0,400,3149.099933
-400.0,400,3159.879948
-400.0,400,3160.164805
-400.0,400,3160.455494
-400.0,400,3160.752631
-400.0,400,3161.036998
-400.0,400,3171.832754
-400.0,400,3172.126844
-400.0,400,3172.414482
-400.0,400,3172.704884
-400.0,400,3172.991157
-400.0,400,3183.994258
-400.0,400,3184.286668
-400.0,400,3184.573073
-400.0,400,3184.856909
-400.0,400,3185.141933
-400.0,400,3195.736274
-400.0,400,3196.038636
-400.0,400,3196.331091
-400.0,400,3196.618307
-400.0,400,3196.902263
-400.0,400,3207.519057
-400.0,400,3207.801124
-400.0,400,3208.084915
-400.0,400,3208.368019
-400.0,400,3208.654729
-400.0,400,3219.234862
-400.0,400,3219.517645
-400.0,400,3219.802285
-400.0,400,3220.083907
-400.0,400,3220.369057
-400.0,400,3220.65451
-400.0,400,3231.181168
-400.0,400,3231.467944
-400.0,400,3231.753929
-400.0,400,3232.037187
-400.0,400,3232.330714
-400.0,400,3242.834425
-400.0,400,3243.121184
-400.0,400,3243.404562
-400.0,400,3243.685381
-400.0,400,3243.968019
-400.0,400,3254.493023
-400.0,400,3254.777392
-400.0,400,3255.059617
-400.0,400,3255.342436
-400.0,400,3255.627369
-400.0,400,3266.148034
-400.0,400,3266.435152
-400.0,400,3266.72536
-400.0,400,3267.015575
-400.0,400,3267.304951
-400.0,400,3278.019981
-400.0,400,3278.311067
-400.0,400,3278.60249
-400.0,400,3278.891636
-400.0,400,3279.182522
-400.0,400,3289.867792
-400.0,400,3290.151394
-400.0,400,3290.436535
-400.0,400,3290.73211
-400.0,400,3291.035476
-400.0,400,3301.764717
-400.0,400,3302.055098
-400.0,400,3302.336586
-400.0,400,3302.621775
-400.0,400,3302.90495
-400.0,400,3313.460818
-400.0,400,3313.753883
-400.0,400,3314.044017
-400.0,400,3314.333873
-400.0,400,3314.623932
-400.0,400,3314.911859
-400.0,400,3325.519445
-400.0,400,3325.810345
-400.0,400,3326.102217
-400.0,400,3326.398752
-400.0,400,3326.694528
-400.0,400,3363.338783
-400.0,400,3363.636027
-400.0,400,3363.924602
-400.0,400,3364.218417
-400.0,400,3364.507529
-400.0,400,3376.80707
-400.0,400,3377.186417
-400.0,400,3377.541889
-400.0,400,3377.84395
-400.0,400,3378.162437
-400.0,400,3389.353939
-400.0,400,3389.640503
-400.0,400,3389.957996
-400.0,400,3390.285588
-400.0,400,3390.572629
-400.0,400,3401.874798
-400.0,400,3402.165814
-400.0,400,3402.460751
-400.0,400,3402.754376
-400.0,400,3403.049493
-400.0,400,3414.220825
-400.0,400,3414.520046
-400.0,400,3414.81762
-400.0,400,3415.111688
-400.0,400,3415.402795
-400.0,400,3426.168807
-400.0,400,3426.478663
-400.0,400,3426.7838
-400.0,400,3427.082696
-400.0,400,3427.374202
-400.0,400,3438.116617
-400.0,400,3438.421487
-400.0,400,3438.726171
-400.0,400,3439.025604
-400.0,400,3439.31388
-400.0,400,3450.071957
-400.0,400,3450.366982
-400.0,400,3450.658063
-400.0,400,3450.946211
-400.0,400,3451.238365
-400.0,400,3451.528749
-400.0,400,3462.324713
-400.0,400,3462.612885
-400.0,400,3462.904418
-400.0,400,3463.201827
-400.0,400,3463.493494
-400.0,400,3474.260014
-400.0,400,3474.552789
-400.0,400,3474.842023
-400.0,400,3475.136806
-400.0,400,3475.427899
-400.0,400,3485.992199
-400.0,400,3486.28707
-400.0,400,3486.575577
-400.0,400,3486.867868
-400.0,400,3487.158019
-400.0,400,3497.808215
-400.0,400,3498.097386
-400.0,400,3498.39019
-400.0,400,3498.68602
-400.0,400,3498.976676
-400.0,400,3509.662755
-400.0,400,3509.952157
-400.0,400,3510.243738
-400.0,400,3510.536419
-400.0,400,3510.835992
-400.0,400,3521.425275
-400.0,400,3521.721099
-400.0,400,3522.012725
-400.0,400,3522.301326
-400.0,400,3522.587372
-400.0,400,3533.67331
-400.0,400,3533.979113
-400.0,400,3534.279127
-400.0,400,3534.575048
-400.0,400,3534.872182
-400.0,400,3545.805114
-400.0,400,3546.09752
-400.0,400,3546.393224
-400.0,400,3546.686197
-400.0,400,3546.998153
-400.0,400,3547.306088
-400.0,400,3558.157057
-400.0,400,3558.445287
-400.0,400,3558.732639
-400.0,400,3559.018404
-400.0,400,3559.303984
-400.0,400,3569.855258
-400.0,400,3570.146016
-400.0,400,3570.436096
-400.0,400,3570.729791
-400.0,400,3571.021009
-400.0,400,3581.703136
-400.0,400,3582.002513
-400.0,400,3582.291832
-400.0,400,3582.585883
-400.0,400,3582.878875
-400.0,400,3593.528804
-400.0,400,3593.821664
-400.0,400,3594.112014
-400.0,400,3594.403861
-400.0,400,3594.696328
-400.0,400,3605.91715
-400.0,400,3606.225832
-400.0,400,3606.531291
-400.0,400,3606.832666
-400.0,400,3607.123099
-400.0,400,3617.671369
-400.0,400,3617.965248
-400.0,400,3618.258034
-400.0,400,3618.541545
-400.0,400,3618.836538
-400.0,400,3629.427859
-400.0,400,3629.720134
-400.0,400,3630.00788
-400.0,400,3630.296263
-400.0,400,3630.585502
-400.0,400,3641.198899
-400.0,400,3641.493869
-400.0,400,3641.871728
-400.0,400,3642.183958
-400.0,400,3642.499468
-400.0,400,3642.832901
-400.0,400,3653.429158
-400.0,400,3653.714977
-400.0,400,3653.997042
-400.0,400,3654.279817
-400.0,400,3654.564923
-400.0,400,3688.653484
-400.0,400,3688.94529
-400.0,400,3689.250395
-400.0,400,3689.552446
-400.0,400,3689.845906
-400.0,400,3700.446803
-400.0,400,3700.737494
-400.0,400,3701.035712
-400.0,400,3701.331704
-400.0,400,3701.629128
-400.0,400,3712.501566
-400.0,400,3712.791735
-400.0,400,3713.083734
-400.0,400,3713.431905
-400.0,400,3713.743001
-400.0,400,3724.881315
-400.0,400,3725.177037
-400.0,400,3725.469459
-400.0,400,3725.776323
-400.0,400,3726.069838
-400.0,400,3737.008482
-400.0,400,3737.295373
-400.0,400,3737.58273
-400.0,400,3737.866559
-400.0,400,3738.151546
-400.0,400,3748.805849
-400.0,400,3749.115847
-400.0,400,3749.443942
-400.0,400,3749.7478
-400.0,400,3750.044095
-400.0,400,3760.650897
-400.0,400,3760.945042
-400.0,400,3761.238382
-400.0,400,3761.54441
-400.0,400,3761.852078
-400.0,400,3772.616663
-400.0,400,3772.905071
-400.0,400,3773.19833
-400.0,400,3773.492299
-400.0,400,3773.782433
-400.0,400,3774.073741
-400.0,400,3784.673634
-400.0,400,3784.967361
-400.0,400,3785.26716
-400.0,400,3785.558429
-400.0,400,3785.851917
-400.0,400,3796.617487
-400.0,400,3796.925911
-400.0,400,3797.222956
-400.0,400,3797.513655
-400.0,400,3797.803526
-400.0,400,3808.469936
-400.0,400,3808.763816
-400.0,400,3809.057789
-400.0,400,3809.375418
-400.0,400,3809.67611
-400.0,400,3820.548959
-400.0,400,3820.870936
-400.0,400,3821.204393
-400.0,400,3821.514237
-400.0,400,3821.82295
-400.0,400,3832.858957
-400.0,400,3833.169438
-400.0,400,3833.498793
-400.0,400,3833.79613
-400.0,400,3834.096157
-400.0,400,3844.762636
-400.0,400,3845.054252
-400.0,400,3845.339982
-400.0,400,3845.627341
-400.0,400,3845.912596
-400.0,400,3856.484639
-400.0,400,3856.775364
-400.0,400,3857.063713
-400.0,400,3857.36171
-400.0,400,3857.654466
-400.0,400,3868.438798
-400.0,400,3868.732664
-400.0,400,3869.020852
-400.0,400,3869.372778
-400.0,400,3869.664819
-400.0,400,3869.965158
-400.0,400,3881.214044
-400.0,400,3881.509529
-400.0,400,3881.850177
-400.0,400,3882.144754
-400.0,400,3882.436689
-400.0,400,3893.059258
-400.0,400,3893.3649
-400.0,400,3893.648617
-400.0,400,3893.932057
-400.0,400,3894.222445
-400.0,400,3905.125023
-400.0,400,3905.430531
-400.0,400,3905.743235
-400.0,400,3906.054381
-400.0,400,3906.368987
-400.0,400,3917.310634
-400.0,400,3917.608678
-400.0,400,3917.911631
-400.0,400,3918.201652
-400.0,400,3918.49255
-400.0,400,3929.248302
-400.0,400,3929.550357
-400.0,400,3929.836998
-400.0,400,3930.127039
-400.0,400,3930.416127
-400.0,400,3941.219144
-400.0,400,3941.505085
-400.0,400,3941.828666
-400.0,400,3942.125686
-400.0,400,3942.420906
-400.0,400,3953.434597
-400.0,400,3953.729342
-400.0,400,3954.020374
-400.0,400,3954.325512
-400.0,400,3954.630812
-400.0,400,3965.460298
-400.0,400,3965.747214
-400.0,400,3966.030921
-400.0,400,3966.316836
-400.0,400,3966.604247
-400.0,400,3966.888117
-400.0,400,3977.521427
-400.0,400,3977.8202
-400.0,400,3978.109643
-400.0,400,3978.39128
-400.0,400,3978.675261
-400.0,400,4013.562929
-400.0,400,4013.863746
-400.0,400,4014.169734
-400.0,400,4014.472966
-400.0,400,4014.774375
-400.0,400,4025.63992
-400.0,400,4025.934615
-400.0,400,4026.230618
-400.0,400,4026.530027
-400.0,400,4026.827533
-400.0,400,4037.676844
-400.0,400,4037.963013
-400.0,400,4038.247702
-400.0,400,4038.529961
-400.0,400,4038.811041
-400.0,400,4049.714068
-400.0,400,4050.008724
-400.0,400,4050.296874
-400.0,400,4050.579334
-400.0,400,4050.866262
-400.0,400,4061.683739
-400.0,400,4061.983797
-400.0,400,4062.275365
-400.0,400,4062.565175
-400.0,400,4062.861039
-400.0,400,4073.934473
-400.0,400,4074.238373
-400.0,400,4074.5514
-400.0,400,4074.844874
-400.0,400,4075.144742
-400.0,400,4085.685629
-400.0,400,4085.972115
-400.0,400,4086.261755
-400.0,400,4086.543213
-400.0,400,4086.827059
-400.0,400,4097.352133
-400.0,400,4097.642334
-400.0,400,4097.926915
-400.0,400,4098.209272
-400.0,400,4098.491299
-400.0,400,4098.772185
-400.0,400,4109.288008
-400.0,400,4109.575032
-400.0,400,4109.859363
-400.0,400,4110.143204
-400.0,400,4110.426937
-400.0,400,4121.026554
-400.0,400,4121.317239
-400.0,400,4121.609008
-400.0,400,4121.905204
-400.0,400,4122.194927
-400.0,400,4132.843426
-400.0,400,4133.126555
-400.0,400,4133.408449
-400.0,400,4133.69
-400.0,400,4133.973291
-400.0,400,4144.523537
-400.0,400,4144.809268
-400.0,400,4145.092448
-400.0,400,4145.375026
-400.0,400,4145.662516
-400.0,400,4156.345011
-400.0,400,4156.63744
-400.0,400,4156.925713
-400.0,400,4157.217445
-400.0,400,4157.508905
-400.0,400,4168.161846
-400.0,400,4168.4479
-400.0,400,4168.728352
-400.0,400,4169.01516
-400.0,400,4169.322481
-400.0,400,4179.841822
-400.0,400,4180.129544
-400.0,400,4180.410375
-400.0,400,4180.692809
-400.0,400,4180.977403
-400.0,400,4191.548051
-400.0,400,4191.834564
-400.0,400,4192.117599
-400.0,400,4192.409407
-400.0,400,4192.695333
-400.0,400,4192.98192
-400.0,400,4203.512498
-400.0,400,4203.806019
-400.0,400,4204.094031
-400.0,400,4204.378143
-400.0,400,4204.664665
-400.0,400,4215.189092
-400.0,400,4215.481491
-400.0,400,4215.774936
-400.0,400,4216.063202
-400.0,400,4216.347574
-400.0,400,4226.917042
-400.0,400,4227.204264
-400.0,400,4227.496418
-400.0,400,4227.791032
-400.0,400,4228.07866
-400.0,400,4238.719188
-400.0,400,4239.011496
-400.0,400,4239.30072
-400.0,400,4239.596209
-400.0,400,4239.890832
-400.0,400,4251.887375
-400.0,400,4252.217605
-400.0,400,4252.551606
-400.0,400,4252.890526
-400.0,400,4253.213057
-400.0,400,4264.370232
-400.0,400,4264.662178
-400.0,400,4264.945944
-400.0,400,4265.227573
-400.0,400,4265.512104
-400.0,400,4275.934054
-400.0,400,4276.218507
-400.0,400,4276.503152
-400.0,400,4276.784654
-400.0,400,4277.068949
-400.0,400,4287.645757
-400.0,400,4287.927634
-400.0,400,4288.208625
-400.0,400,4288.49355
-400.0,400,4288.774756
-400.0,400,4289.055331
-400.0,400,4299.680882
-400.0,400,4299.963453
-400.0,400,4300.244367
-400.0,400,4300.52748
-400.0,400,4300.808857
-400.0,400,4334.719624
-400.0,400,4335.01641
-400.0,400,4335.299231
-400.0,400,4335.582509
-400.0,400,4335.862852
-400.0,400,4346.343059
-400.0,400,4346.638041
-400.0,400,4346.937479
-400.0,400,4347.220776
-400.0,400,4347.503649
-400.0,400,4358.465664
-400.0,400,4358.749742
-400.0,400,4359.034069
-400.0,400,4359.318517
-400.0,400,4359.603058
-400.0,400,4370.680149
-400.0,400,4370.974836
-400.0,400,4371.256727
-400.0,400,4371.54313
-400.0,400,4371.827813
-400.0,400,4382.634883
-400.0,400,4382.925886
-400.0,400,4383.214323
-400.0,400,4383.503812
-400.0,400,4383.789008
-400.0,400,4394.384799
-400.0,400,4394.66987
-400.0,400,4394.954507
-400.0,400,4395.282
-400.0,400,4395.567176
-400.0,400,4406.471671
-400.0,400,4406.793679
-400.0,400,4407.098302
-400.0,400,4407.393875
-400.0,400,4407.696356
-400.0,400,4418.682831
-400.0,400,4418.981919
-400.0,400,4419.262999
-400.0,400,4419.549541
-400.0,400,4419.833501
-400.0,400,4420.116909
-400.0,400,4430.61849
-400.0,400,4430.902367
-400.0,400,4431.185067
-400.0,400,4431.468828
-400.0,400,4431.752438
-400.0,400,4442.410217
-400.0,400,4442.701389
-400.0,400,4442.993365
-400.0,400,4443.290402
-400.0,400,4443.580995
-400.0,400,4454.593905
-400.0,400,4454.891124
-400.0,400,4455.176415
-400.0,400,4455.461256
-400.0,400,4455.74727
-400.0,400,4466.435018
-400.0,400,4466.761927
-400.0,400,4467.059927
-400.0,400,4467.355969
-400.0,400,4467.639295
-400.0,400,4478.67883
-400.0,400,4478.975692
-400.0,400,4479.264001
-400.0,400,4479.555436
-400.0,400,4479.848687
-400.0,400,4490.983009
-400.0,400,4491.278319
-400.0,400,4491.582729
-400.0,400,4491.890529
-400.0,400,4492.200537
-400.0,400,4502.996311
-400.0,400,4503.279704
-400.0,400,4503.568799
-400.0,400,4503.858093
-400.0,400,4504.143668
-400.0,400,4514.758063
-400.0,400,4515.051691
-400.0,400,4515.344235
-400.0,400,4515.63368
-400.0,400,4515.927612
-400.0,400,4516.221743
-400.0,400,4526.916145
-400.0,400,4527.207306
-400.0,400,4527.497695
-400.0,400,4527.791018
-400.0,400,4528.083983
-400.0,400,4538.805901
-400.0,400,4539.095553
-400.0,400,4539.388555
-400.0,400,4539.681864
-400.0,400,4539.97832
-400.0,400,4550.612968
-400.0,400,4550.908448
-400.0,400,4551.196328
-400.0,400,4551.480135
-400.0,400,4551.764096
-400.0,400,4562.62938
-400.0,400,4562.921893
-400.0,400,4563.206326
-400.0,400,4563.491311
-400.0,400,4563.776859
-400.0,400,4574.618587
-400.0,400,4574.905789
-400.0,400,4575.190402
-400.0,400,4575.473117
-400.0,400,4575.758523
-400.0,400,4586.561376
-400.0,400,4586.851374
-400.0,400,4587.140111
-400.0,400,4587.430818
-400.0,400,4587.724145
-400.0,400,4598.440968
-400.0,400,4598.735694
-400.0,400,4599.026313
-400.0,400,4599.317557
-400.0,400,4599.612566
-400.0,400,4610.234912
-400.0,400,4610.517192
-400.0,400,4610.799545
-400.0,400,4611.084755
-400.0,400,4611.371097
-400.0,400,4611.652495
-400.0,400,4622.546755
-400.0,400,4622.857779
-400.0,400,4623.177347
-400.0,400,4623.486847
-400.0,400,4623.791877
-400.0,400,4658.411355
-400.0,400,4658.703051
-400.0,400,4658.994631
-400.0,400,4659.278715
-400.0,400,4659.573111
-400.0,400,4670.246646
-400.0,400,4670.537756
-400.0,400,4670.834691
-400.0,400,4671.123379
-400.0,400,4671.40836
-400.0,400,4682.087801
-400.0,400,4682.378466
-400.0,400,4682.667989
-400.0,400,4682.960603
-400.0,400,4683.246202
-400.0,400,4693.943322
-400.0,400,4694.234107
-400.0,400,4694.524807
-400.0,400,4694.815283
-400.0,400,4695.109381
-400.0,400,4705.913959
-400.0,400,4706.204003
-400.0,400,4706.496192
-400.0,400,4706.789761
-400.0,400,4707.084447
-400.0,400,4717.776409
-400.0,400,4718.067017
-400.0,400,4718.356614
-400.0,400,4718.647871
-400.0,400,4718.942525
-400.0,400,4729.707914
-400.0,400,4729.99933
-400.0,400,4730.281009
-400.0,400,4730.576468
-400.0,400,4730.867338
-400.0,400,4741.538768
-400.0,400,4741.828049
-400.0,400,4742.113331
-400.0,400,4742.398119
-400.0,400,4742.69109
-400.0,400,4742.986184
-400.0,400,4753.68265
-400.0,400,4753.971815
-400.0,400,4754.255655
-400.0,400,4754.540732
-400.0,400,4754.827362
-400.0,400,4765.541476
-400.0,400,4765.832602
-400.0,400,4766.12184
-400.0,400,4766.412948
-400.0,400,4766.705885
-400.0,400,4777.437025
-400.0,400,4777.72837
-400.0,400,4778.018938
-400.0,400,4778.308724
-400.0,400,4778.600346
-400.0,400,4789.446338
-400.0,400,4789.739355
-400.0,400,4790.032637
-400.0,400,4790.316575
-400.0,400,4790.607376
-400.0,400,4801.425983
-400.0,400,4801.717651
-400.0,400,4802.009457
-400.0,400,4802.301402
-400.0,400,4802.5926
-400.0,400,4813.308244
-400.0,400,4813.600814
-400.0,400,4813.892074
-400.0,400,4814.180194
-400.0,400,4814.468972
-400.0,400,4825.185407
-400.0,400,4825.475884
-400.0,400,4825.765976
-400.0,400,4826.054946
-400.0,400,4826.344527
-400.0,400,4837.36091
-400.0,400,4837.652227
-400.0,400,4837.943016
-400.0,400,4838.232543
-400.0,400,4838.527556
-400.0,400,4838.835273
-400.0,400,4850.06881
-400.0,400,4850.374648
-400.0,400,4850.676151
-400.0,400,4850.992733
-400.0,400,4851.293111
-400.0,400,4862.153889
-400.0,400,4862.452499
-400.0,400,4862.755575
-400.0,400,4863.070484
-400.0,400,4863.363347
-400.0,400,4874.631102
-400.0,400,4874.929486
-400.0,400,4875.236355
-400.0,400,4875.552615
-400.0,400,4875.867944
-400.0,400,4886.885949
-400.0,400,4887.179332
-400.0,400,4887.483662
-400.0,400,4887.837936
-400.0,400,4888.284502
-400.0,400,4900.801091
-400.0,400,4901.206546
-400.0,400,4901.512613
-400.0,400,4901.82002
-400.0,400,4902.127624
-400.0,400,4913.933611
-400.0,400,4914.269221
-400.0,400,4914.596853
-400.0,400,4914.892503
-400.0,400,4915.213357
-400.0,400,4926.918396
-400.0,400,4927.213418
-400.0,400,4927.532666
-400.0,400,4927.826143
-400.0,400,4928.142195
-400.0,400,4939.453388
-400.0,400,4939.809319
-400.0,400,4940.11211
-400.0,400,4940.415808
-400.0,400,4940.731557
-400.0,400,4941.039076
-400.0,400,4952.994016
-400.0,400,4953.294429
-400.0,400,4953.59423
-400.0,400,4953.905052
-400.0,400,4954.207781
-400.0,400,4992.536459
-400.0,400,4992.840826
-400.0,400,4993.146161
-400.0,400,4993.452322
-400.0,400,4993.757742
-400.0,400,5004.937624
-400.0,400,5005.239191
-400.0,400,5005.538938
-400.0,400,5005.841905
-400.0,400,5006.144286
-400.0,400,5017.197976
-400.0,400,5017.498909
-400.0,400,5017.800807
-400.0,400,5018.095881
-400.0,400,5018.398647
-400.0,400,5029.443194
-400.0,400,5029.746075
-400.0,400,5030.044987
-400.0,400,5030.336725
-400.0,400,5030.636811
-400.0,400,5042.532285
-400.0,400,5042.884459
-400.0,400,5043.283606
-400.0,400,5043.629712
-400.0,400,5043.983501
-400.0,400,5057.226615
-400.0,400,5057.533305
-400.0,400,5057.82941
-400.0,400,5058.135998
-400.0,400,5058.463149
-400.0,400,5070.477709
-400.0,400,5070.860817
-400.0,400,5071.760942
-400.0,400,5072.377866
-400.0,400,5072.791849
-400.0,400,5087.726444
-400.0,400,5088.080769
-400.0,400,5088.419078
-400.0,400,5088.748946
-400.0,400,5089.074911
-400.0,400,5089.418443
-400.0,400,5102.145807
-400.0,400,5102.476971
-400.0,400,5102.808111
-400.0,400,5103.148737
-400.0,400,5103.700969
-400.0,400,5116.259891
-400.0,400,5116.598638
-400.0,400,5116.969363
-400.0,400,5117.356743
-400.0,400,5117.705356
-400.0,400,5130.773178
-400.0,400,5131.196787
-400.0,400,5131.548132
-400.0,400,5131.913718
-400.0,400,5132.264249
-400.0,400,5144.876973
-400.0,400,5145.219635
-400.0,400,5145.616573
-400.0,400,5145.95619
-400.0,400,5146.29996
-400.0,400,5159.250143
-400.0,400,5159.610246
-400.0,400,5159.951432
-400.0,400,5160.306505
-400.0,400,5160.654572
-400.0,400,5173.780039
-400.0,400,5174.121338
-400.0,400,5174.59062
-400.0,400,5174.965877
-400.0,400,5175.332894
-400.0,400,5189.29025
-400.0,400,5189.86559
-400.0,400,5190.267696
-400.0,400,5190.625676
-400.0,400,5190.991836
-400.0,400,5205.314688
-400.0,400,5205.686908
-400.0,400,5206.116471
-400.0,400,5206.525889
-400.0,400,5207.060508
-400.0,400,5207.535112
-400.0,400,5221.984307
-400.0,400,5222.363231
-400.0,400,5222.738261
-400.0,400,5223.107922
-400.0,400,5223.471386
-400.0,400,5236.1239
-400.0,400,5236.48514
-400.0,400,5236.895173
-400.0,400,5237.246182
-400.0,400,5237.60087
-400.0,400,5251.434659
-400.0,400,5251.815017
-400.0,400,5252.320577
-400.0,400,5252.836954
-400.0,400,5253.225881
-400.0,400,5268.509022
-400.0,400,5269.370523
-400.0,400,5269.854707
-400.0,400,5270.287464
-400.0,400,5270.842201
-400.0,400,5286.719036
-400.0,400,5287.112484
-400.0,400,5287.495773
-400.0,400,5287.923429
-400.0,400,5288.321044
-400.0,400,5302.210442
-400.0,400,5302.591694
-400.0,400,5303.019649
-400.0,400,5303.396818
-400.0,400,5303.758258
-400.0,400,5317.272242
-400.0,400,5317.632129
-400.0,400,5318.079951
-400.0,400,5318.460454
-400.0,400,5318.840621
-400.0,400,5332.349017
-400.0,400,5332.736592
-400.0,400,5333.082866
-400.0,400,5333.431226
-400.0,400,5333.83292
-400.0,400,5334.176747
-400.0,400,5347.44503
-400.0,400,5347.821528
-400.0,400,5348.19578
-400.0,400,5348.570667
-400.0,400,5348.952253
-400.0,400,5391.389178
-400.0,400,5391.770118
-400.0,400,5392.153707
-400.0,400,5392.546561
-400.0,400,5392.920813
-400.0,400,5406.916401
-400.0,400,5407.267139
-400.0,400,5407.673192
-400.0,400,5408.056471
-400.0,400,5408.469817
-400.0,400,5422.204052
-400.0,400,5422.602962
-400.0,400,5422.982974
-400.0,400,5423.362226
-400.0,400,5423.750787
-400.0,400,5436.652737
-400.0,400,5436.985165
-400.0,400,5437.320025
-400.0,400,5437.655432
-400.0,400,5438.045353
-400.0,400,5450.991169
-400.0,400,5451.338119
-400.0,400,5451.686796
-400.0,400,5452.038746
-400.0,400,5452.401852
-400.0,400,5465.456024
-400.0,400,5465.792356
-400.0,400,5466.149186
-400.0,400,5466.541931
-400.0,400,5466.890235
-400.0,400,5480.880801
-400.0,400,5481.260313
-400.0,400,5481.791285
-400.0,400,5482.291161
-400.0,400,5482.729519
-400.0,400,5496.628079
-400.0,400,5496.962167
-400.0,400,5497.30197
-400.0,400,5497.608974
-400.0,400,5498.057567
-400.0,400,5498.415882
-400.0,400,5510.008384
-400.0,400,5510.3217
-400.0,400,5510.628786
-400.0,400,5510.933252
-400.0,400,5511.237407
-400.0,400,5523.824191
-400.0,400,5524.1685
-400.0,400,5524.545057
-400.0,400,5524.931984
-400.0,400,5525.331401
-400.0,400,5538.59345
-400.0,400,5538.941119
-400.0,400,5539.30657
-400.0,400,5539.687811
-400.0,400,5540.070553
-400.0,400,5551.791231
-400.0,400,5552.115783
-400.0,400,5552.422231
-400.0,400,5552.778458
-400.0,400,5553.077348
-400.0,400,5563.723751
-400.0,400,5564.00637
-400.0,400,5564.288355
-400.0,400,5564.572806
-400.0,400,5564.854256
-400.0,400,5575.334702
-400.0,400,5575.615862
-400.0,400,5575.897838
-400.0,400,5576.178437
-400.0,400,5576.457909
-400.0,400,5586.982295
-400.0,400,5587.264276
-400.0,400,5587.546231
-400.0,400,5587.829216
-400.0,400,5588.110203
-400.0,400,5598.807661
-400.0,400,5599.135905
-400.0,400,5599.456037
-400.0,400,5599.770095
-400.0,400,5600.081347
-400.0,400,5600.383262
-400.0,400,5610.915996
-400.0,400,5611.194099
-400.0,400,5611.476165
-400.0,400,5611.754881
-400.0,400,5612.034548
-400.0,400,5622.373221
-400.0,400,5622.654591
-400.0,400,5622.935315
-400.0,400,5623.214704
-400.0,400,5623.495163
-400.0,400,5634.023965
-400.0,400,5634.318212
-400.0,400,5634.609261
-400.0,400,5634.922917
-400.0,400,5635.299255
-400.0,400,5645.845308
-400.0,400,5646.125237
-400.0,400,5646.408136
-400.0,400,5646.691308
-400.0,400,5646.971311
-400.0,400,5657.35256
-400.0,400,5657.633147
-400.0,400,5657.914426
-400.0,400,5658.195117
-400.0,400,5658.476796
-400.0,400,5669.257449
-400.0,400,5669.558262
-400.0,400,5669.848162
-400.0,400,5670.139587
-400.0,400,5670.420148
-400.0,400,5681.428474
-400.0,400,5681.709577
-400.0,400,5681.998898
-400.0,400,5682.299746
-400.0,400,5682.590678
-400.0,400,5693.551534
-400.0,400,5693.847251
-400.0,400,5694.147228
-400.0,400,5694.453425
-400.0,400,5694.739463
-400.0,400,5695.046041
-400.0,400,5706.195132
-400.0,400,5706.503829
-400.0,400,5706.784786
-400.0,400,5707.079167
-400.0,400,5707.381555
-400.0,400,5740.869134
-400.0,400,5741.152797
-400.0,400,5741.436456
-400.0,400,5741.717877
-400.0,400,5742.000501
-400.0,400,5752.427044
-400.0,400,5752.709665
-400.0,400,5752.989784
-400.0,400,5753.272119
-400.0,400,5753.554392
-400.0,400,5763.968712
-400.0,400,5764.249221
-400.0,400,5764.532906
-400.0,400,5764.812629
-400.0,400,5765.092093
-400.0,400,5775.551141
-400.0,400,5775.831515
-400.0,400,5776.110716
-400.0,400,5776.394504
-400.0,400,5776.674299
-400.0,400,5787.042117
-400.0,400,5787.322574
-400.0,400,5787.602311
-400.0,400,5787.883978
-400.0,400,5788.162449
-400.0,400,5798.571961
-400.0,400,5798.853313
-400.0,400,5799.13237
-400.0,400,5799.413234
-400.0,400,5799.697414
-400.0,400,5810.14544
-400.0,400,5810.432922
-400.0,400,5810.713095
-400.0,400,5810.997577
-400.0,400,5811.280912
-400.0,400,5821.712857
-400.0,400,5821.992876
-400.0,400,5822.267151
-400.0,400,5822.551884
-400.0,400,5822.829756
-400.0,400,5823.110099
-400.0,400,5833.480544
-400.0,400,5833.759315
-400.0,400,5834.039912
-400.0,400,5834.320988
-400.0,400,5834.601633
-400.0,400,5844.927099
-400.0,400,5845.205037
-400.0,400,5845.487756
-400.0,400,5845.768801
-400.0,400,5846.050725
-400.0,400,5856.45157
-400.0,400,5856.733145
-400.0,400,5857.013169
-400.0,400,5857.29214
-400.0,400,5857.578382
-400.0,400,5867.924975
-400.0,400,5868.203895
-400.0,400,5868.48616
-400.0,400,5868.769714
-400.0,400,5869.049325
-400.0,400,5879.424271
-400.0,400,5879.70978
-400.0,400,5879.990619
-400.0,400,5880.27023
-400.0,400,5880.55669
-400.0,400,5890.886033
-400.0,400,5891.167122
-400.0,400,5891.445415
-400.0,400,5891.729596
-400.0,400,5892.006676
-400.0,400,5902.548816
-400.0,400,5902.830753
-400.0,400,5903.110883
-400.0,400,5903.394546
-400.0,400,5903.677633
-400.0,400,5914.048337
-400.0,400,5914.32649
-400.0,400,5914.605586
-400.0,400,5914.886396
-400.0,400,5915.166857
-400.0,400,5915.449903
-400.0,400,5925.833261
-400.0,400,5926.113563
-400.0,400,5926.39342
-400.0,400,5926.677755
-400.0,400,5926.956079
-400.0,400,5937.349872
-400.0,400,5937.630014
-400.0,400,5937.908901
-400.0,400,5938.195918
-400.0,400,5938.47786
-400.0,400,5948.840196
-400.0,400,5949.120799
-400.0,400,5949.405549
-400.0,400,5949.688522
-400.0,400,5949.971095
-400.0,400,5960.324065
-400.0,400,5960.605146
-400.0,400,5960.888152
-400.0,400,5961.17067
-400.0,400,5961.452456
-400.0,400,5971.846516
-400.0,400,5972.128661
-400.0,400,5972.407383
-400.0,400,5972.687828
-400.0,400,5972.970994
-400.0,400,5983.293731
-400.0,400,5983.575674
-400.0,400,5983.855222
-400.0,400,5984.140963
-400.0,400,5984.423688
-400.0,400,5994.787754
-400.0,400,5995.069509
-400.0,400,5995.351747
-400.0,400,5995.634119
-400.0,400,5995.915774
-400.0,400,6006.293904
-400.0,400,6006.574307
-400.0,400,6006.856016
-400.0,400,6007.139446
-400.0,400,6007.420638
-400.0,400,6007.705266
-400.0,400,6018.070567
-400.0,400,6018.352095
-400.0,400,6018.631903
-400.0,400,6018.915165
-400.0,400,6019.198785
-400.0,400,6052.483835
-400.0,400,6052.762535
-400.0,400,6053.042776
-400.0,400,6053.3265
-400.0,400,6053.608647
-400.0,400,6063.931609
-400.0,400,6064.212893
-400.0,400,6064.495411
-400.0,400,6064.775261
-400.0,400,6065.051378
-400.0,400,6075.468755
-400.0,400,6075.749897
-400.0,400,6076.032345
-400.0,400,6076.315379
-400.0,400,6076.595184
-400.0,400,6087.007266
-400.0,400,6087.287447
-400.0,400,6087.571734
-400.0,400,6087.852279
-400.0,400,6088.131132
-400.0,400,6098.534393
-400.0,400,6098.814728
-400.0,400,6099.098175
-400.0,400,6099.379083
-400.0,400,6099.661354
-400.0,400,6110.061058
-400.0,400,6110.341005
-400.0,400,6110.623213
-400.0,400,6110.903256
-400.0,400,6111.18271
-400.0,400,6121.645905
-400.0,400,6121.926523
-400.0,400,6122.204726
-400.0,400,6122.487781
-400.0,400,6122.769441
-400.0,400,6133.092747
-400.0,400,6133.372534
-400.0,400,6133.655019
-400.0,400,6133.936458
-400.0,400,6134.215565
-400.0,400,6134.496158
-400.0,400,6144.921026
-400.0,400,6145.20241
-400.0,400,6145.481567
-400.0,400,6145.782307
-400.0,400,6146.06344
-400.0,400,6156.407317
-400.0,400,6156.687469
-400.0,400,6156.973616
-400.0,400,6157.255228
-400.0,400,6157.539246
-400.0,400,6167.865364
-400.0,400,6168.144941
-400.0,400,6168.424398
-400.0,400,6168.704856
-400.0,400,6168.985294
-400.0,400,6179.373019
-400.0,400,6179.653666
-400.0,400,6179.933098
-400.0,400,6180.213998
-400.0,400,6180.495359
-400.0,400,6190.795448
-400.0,400,6191.076438
-400.0,400,6191.356
-400.0,400,6191.636401
-400.0,400,6191.917268
-400.0,400,6202.404424
-400.0,400,6202.686364
-400.0,400,6202.96505
-400.0,400,6203.246129
-400.0,400,6203.528015
-400.0,400,6213.891509
-400.0,400,6214.171607
-400.0,400,6214.453852
-400.0,400,6214.733526
-400.0,400,6215.010714
-400.0,400,6225.378889
-400.0,400,6225.661572
-400.0,400,6225.942235
-400.0,400,6226.226682
-400.0,400,6226.508853
-400.0,400,6226.78998
-400.0,400,6237.099773
-400.0,400,6237.381399
-400.0,400,6237.662261
-400.0,400,6237.943827
-400.0,400,6238.227851
-400.0,400,6248.609166
-400.0,400,6248.890024
-400.0,400,6249.169485
-400.0,400,6249.450611
-400.0,400,6249.732316
-400.0,400,6260.059715
-400.0,400,6260.341883
-400.0,400,6260.622041
-400.0,400,6260.902545
-400.0,400,6261.185558
-400.0,400,6271.584873
-400.0,400,6271.865104
-400.0,400,6272.143154
-400.0,400,6272.425695
-400.0,400,6272.706804
-400.0,400,6283.068263
-400.0,400,6283.348771
-400.0,400,6283.632237
-400.0,400,6283.911817
-400.0,400,6284.189967
-400.0,400,6294.588925
-400.0,400,6294.869702
-400.0,400,6295.148101
-400.0,400,6295.425918
-400.0,400,6295.709096
-400.0,400,6306.06138
-400.0,400,6306.341005
-400.0,400,6306.620619
-400.0,400,6306.901397
-400.0,400,6307.178518
-400.0,400,6317.526554
-400.0,400,6317.806229
-400.0,400,6318.085885
-400.0,400,6318.364938
-400.0,400,6318.646127
-400.0,400,6318.92799
-400.0,400,6329.377683
-400.0,400,6329.65503
-400.0,400,6329.93244
-400.0,400,6330.21266
-400.0,400,6330.491024
-400.0,400,6363.410116
-400.0,400,6363.690103
-400.0,400,6363.970191
-400.0,400,6364.247622
-400.0,400,6364.525499
-400.0,400,6374.716732
-400.0,400,6374.990618
-400.0,400,6375.268212
-400.0,400,6375.547589
-400.0,400,6375.824116
-400.0,400,6385.976854
-400.0,400,6386.25412
-400.0,400,6386.531815
-400.0,400,6386.812908
-400.0,400,6387.092011
-400.0,400,6397.315554
-400.0,400,6397.593337
-400.0,400,6397.871737
-400.0,400,6398.150539
-400.0,400,6398.429687
-400.0,400,6408.690793
-400.0,400,6408.96745
-400.0,400,6409.245972
-400.0,400,6409.523495
-400.0,400,6409.801668
-400.0,400,6420.091029
-400.0,400,6420.377474
-400.0,400,6420.657768
-400.0,400,6420.936037
-400.0,400,6421.213414
-400.0,400,6431.372288
-400.0,400,6431.650465
-400.0,400,6431.928848
-400.0,400,6432.205914
-400.0,400,6432.488633
-400.0,400,6442.687395
-400.0,400,6442.96543
-400.0,400,6443.238786
-400.0,400,6443.518102
-400.0,400,6443.795264
-400.0,400,6444.071971
-400.0,400,6454.282342
-400.0,400,6454.561566
-400.0,400,6454.8424
-400.0,400,6455.122446
-400.0,400,6455.403067
-400.0,400,6465.594166
-400.0,400,6465.871971
-400.0,400,6466.1461
-400.0,400,6466.424486
-400.0,400,6466.702697
-400.0,400,6476.836419
-400.0,400,6477.117004
-400.0,400,6477.394885
-400.0,400,6477.674214
-400.0,400,6477.952497
-400.0,400,6488.149536
-400.0,400,6488.430224
-400.0,400,6488.708053
-400.0,400,6488.984959
-400.0,400,6489.259963
-400.0,400,6499.431885
-400.0,400,6499.708916
-400.0,400,6499.98334
-400.0,400,6500.262416
-400.0,400,6500.540266
-400.0,400,6510.749896
-400.0,400,6511.025289
-400.0,400,6511.30409
-400.0,400,6511.58518
-400.0,400,6511.860382
-400.0,400,6521.989573
-400.0,400,6522.265876
-400.0,400,6522.545282
-400.0,400,6522.819291
-400.0,400,6523.094172
-400.0,400,6533.30139
-400.0,400,6533.578727
-400.0,400,6533.85408
-400.0,400,6534.131342
-400.0,400,6534.409745
-400.0,400,6534.686994
-400.0,400,6544.800033
-400.0,400,6545.078365
-400.0,400,6545.35158
-400.0,400,6545.629032
-400.0,400,6545.902879
-400.0,400,6556.135153
-400.0,400,6556.413931
-400.0,400,6556.690158
-400.0,400,6556.962673
-400.0,400,6557.241419
-400.0,400,6567.487586
-400.0,400,6567.764903
-400.0,400,6568.044201
-400.0,400,6568.320399
-400.0,400,6568.599517
-400.0,400,6578.785067
-400.0,400,6579.059493
-400.0,400,6579.334511
-400.0,400,6579.613268
-400.0,400,6579.89005
-400.0,400,6590.05194
-400.0,400,6590.327067
-400.0,400,6590.60408
-400.0,400,6590.883556
-400.0,400,6591.156993
-400.0,400,6601.40295
-400.0,400,6601.679548
-400.0,400,6601.952307
-400.0,400,6602.229558
-400.0,400,6602.507713
-400.0,400,6612.666861
-400.0,400,6612.943382
-400.0,400,6613.220544
-400.0,400,6613.497828
-400.0,400,6613.775661
-400.0,400,6623.945046
-400.0,400,6624.226105
-400.0,400,6624.503815
-400.0,400,6624.782735
-400.0,400,6625.060409
-400.0,400,6625.339549
-400.0,400,6635.553492
-400.0,400,6635.832498
-400.0,400,6636.107248
-400.0,400,6636.386705
-400.0,400,6636.663968
